-- ============================================================
-- SEED DATA: payroll_2026 (MySQL)
-- 100 nhân viên (EmployeeID 6-105)
-- 12 tháng lương (tháng 5/2025 → tháng 4/2026)
-- 12 tháng chấm công (tháng 5/2025 → tháng 4/2026)
-- Không xóa dữ liệu cũ
-- ============================================================

USE payroll_2026;

-- ============================================================
-- PHẦN 1: ĐỒNG BỘ 100 NHÂN VIÊN VÀO employees_payroll
-- ============================================================
INSERT INTO employees_payroll (EmployeeID, FullName, DepartmentID, PositionID, Status) VALUES
(6,   'Nguyen Thi Hoa',    1, 1, 'Active'),
(7,   'Tran Van Bao',      1, 2, 'Active'),
(8,   'Le Thi Cam',        1, 3, 'Active'),
(9,   'Pham Van Dung',     1, 4, 'Active'),
(10,  'Hoang Thi Oanh',   1, 5, 'Active'),
(11,  'Vu Minh Khoa',     1, 1, 'Active'),
(12,  'Dang Thi Lan',     1, 2, 'Active'),
(13,  'Bui Van Manh',     1, 3, 'Active'),
(14,  'Ngo Thi Ngoc',     1, 4, 'Active'),
(15,  'Dinh Van Phuc',    1, 5, 'Active'),
(16,  'Trinh Thi Quynh',  1, 1, 'Active'),
(17,  'Ly Van Son',       1, 2, 'Active'),
(18,  'Phan Thi Tam',     1, 3, 'Active'),
(19,  'Cao Van Tuan',     1, 4, 'OnLeave'),
(20,  'Ho Thi Uyen',      1, 5, 'Active'),
(21,  'Duong Van Vinh',   1, 1, 'Active'),
(22,  'To Thi Xuan',      1, 2, 'Inactive'),
(23,  'Mai Van Yen',      1, 3, 'OnLeave'),
(24,  'Luu Thi Anh',      1, 4, 'Active'),
(25,  'Kieu Van Binh',    1, 5, 'Inactive'),
(26,  'Nguyen Thi Chau',  2, 1, 'Active'),
(27,  'Tran Van Dat',     2, 2, 'Active'),
(28,  'Le Thi Em',        2, 3, 'Active'),
(29,  'Pham Van Giang',   2, 4, 'Active'),
(30,  'Hoang Thi Hang',   2, 5, 'Active'),
(31,  'Vu Van Hung',      2, 1, 'Active'),
(32,  'Dang Thi Khanh',   2, 2, 'Active'),
(33,  'Bui Van Long',     2, 3, 'Active'),
(34,  'Ngo Thi Mai',      2, 4, 'OnLeave'),
(35,  'Dinh Van Nam',     2, 5, 'Active'),
(36,  'Trinh Thi Oanh',   2, 1, 'Active'),
(37,  'Ly Van Phong',     2, 2, 'Active'),
(38,  'Phan Thi Que',     2, 3, 'Active'),
(39,  'Cao Van Rang',     2, 4, 'Inactive'),
(40,  'Ho Thi Sen',       2, 5, 'Active'),
(41,  'Duong Van Thang',  2, 1, 'Active'),
(42,  'To Thi Thuy',      2, 2, 'Active'),
(43,  'Mai Van Toan',     2, 3, 'OnLeave'),
(44,  'Luu Thi Trang',    2, 4, 'Active'),
(45,  'Kieu Van Trung',   2, 5, 'Inactive'),
(46,  'Nguyen Van Tuan',  3, 1, 'Active'),
(47,  'Tran Thi Van',     3, 2, 'Active'),
(48,  'Le Van Viet',      3, 3, 'Active'),
(49,  'Pham Thi Xuan',    3, 4, 'Active'),
(50,  'Hoang Van Yen',    3, 5, 'Active'),
(51,  'Vu Thi Anh',       3, 1, 'Active'),
(52,  'Dang Van Bac',     3, 2, 'Active'),
(53,  'Bui Thi Cuc',      3, 3, 'Active'),
(54,  'Ngo Van Duy',      3, 4, 'OnLeave'),
(55,  'Dinh Thi Diu',     3, 5, 'Active'),
(56,  'Trinh Van Duc',    3, 1, 'Active'),
(57,  'Ly Thi Giang',     3, 2, 'Active'),
(58,  'Phan Van Hai',     3, 3, 'Inactive'),
(59,  'Cao Thi Hien',     3, 4, 'Active'),
(60,  'Ho Van Hoa',       3, 5, 'Active'),
(61,  'Duong Thi Huong',  3, 1, 'Active'),
(62,  'To Van Khai',      3, 2, 'Active'),
(63,  'Mai Thi Linh',     3, 3, 'OnLeave'),
(64,  'Luu Van Loc',      3, 4, 'Active'),
(65,  'Kieu Thi Ly',      3, 5, 'Inactive'),
(66,  'Nguyen Van Minh',  4, 1, 'Active'),
(67,  'Tran Thi Nga',     4, 2, 'Active'),
(68,  'Le Van Nghia',     4, 3, 'Active'),
(69,  'Pham Thi Nhung',   4, 4, 'Active'),
(70,  'Hoang Van Ninh',   4, 5, 'Active'),
(71,  'Vu Thi Nu',        4, 1, 'Active'),
(72,  'Dang Van Phat',    4, 2, 'Active'),
(73,  'Bui Thi Phuong',   4, 3, 'OnLeave'),
(74,  'Ngo Van Quan',     4, 4, 'Active'),
(75,  'Dinh Thi Quyen',   4, 5, 'Active'),
(76,  'Trinh Van Quy',    4, 1, 'Active'),
(77,  'Ly Thi Ry',        4, 2, 'Inactive'),
(78,  'Phan Van Sang',    4, 3, 'Active'),
(79,  'Cao Thi Sim',      4, 4, 'Active'),
(80,  'Ho Van Son',       4, 5, 'Active'),
(81,  'Duong Thi Thi',    4, 1, 'Active'),
(82,  'To Van Thinh',     4, 2, 'Active'),
(83,  'Mai Thi Thu',      4, 3, 'OnLeave'),
(84,  'Luu Van Tien',     4, 4, 'Active'),
(85,  'Kieu Thi Tu',      4, 5, 'Inactive'),
(86,  'Nguyen Van Tung',  5, 1, 'Active'),
(87,  'Tran Thi Tuyet',   5, 2, 'Active'),
(88,  'Le Van Uy',        5, 3, 'Active'),
(89,  'Pham Thi Vui',     5, 4, 'Active'),
(90,  'Hoang Van Vuong',  5, 5, 'Active'),
(91,  'Vu Thi Xanh',      5, 1, 'Active'),
(92,  'Dang Van Xuan',    5, 2, 'Active'),
(93,  'Bui Thi Yen',      5, 3, 'OnLeave'),
(94,  'Ngo Van Yen',      5, 4, 'Active'),
(95,  'Dinh Thi Yeu',     5, 5, 'Active'),
(96,  'Trinh Van Zin',    5, 1, 'Active'),
(97,  'Ly Thi Bong',      5, 2, 'Inactive'),
(98,  'Phan Van Canh',    5, 3, 'Active'),
(99,  'Cao Thi Dao',      5, 4, 'Active'),
(100, 'Ho Van Dang',      5, 5, 'Active'),
(101, 'Duong Thi Dao',    5, 1, 'Active'),
(102, 'To Van Dien',      5, 2, 'Active'),
(103, 'Mai Thi Dong',     5, 3, 'Active'),
(104, 'Luu Van Duc',      5, 4, 'OnLeave'),
(105, 'Kieu Thi Duong',   5, 5, 'Inactive');

-- ============================================================
-- PHẦN 2: BẢNG LƯƠNG 12 THÁNG (5/2025 → 4/2026)
-- Tổng ~1,100 bản ghi (trừ Inactive sau tháng 10/2025)
-- ============================================================

INSERT INTO salaries (EmployeeID, SalaryMonth, SalaryYear, BaseSalary, Bonus, Deductions) VALUES
(1, 5, 2025, 17942417.00, 133306.00, 422489.00),
(1, 6, 2025, 18131262.00, 111299.00, 776992.00),
(1, 7, 2025, 17939898.00, 924594.00, 1302059.00),
(1, 8, 2025, 17506814.00, 3182668.00, 694829.00),
(1, 9, 2025, 17663032.00, 903091.00, 1065889.00),
(1, 10, 2025, 17876417.00, 3554649.00, 1081327.00),
(1, 11, 2025, 18265179.00, 1926967.00, 621779.00),
(1, 12, 2025, 18369693.00, 2636706.00, 1118403.00),
(1, 1, 2026, 17548050.00, 2773539.00, 837937.00),
(1, 2, 2026, 18408573.00, 423630.00, 1157182.00),
(2, 5, 2025, 12882554.00, 682220.00, 648162.00),
(2, 6, 2025, 13235911.00, 299483.00, 898720.00),
(2, 7, 2025, 12756702.00, 685359.00, 744714.00),
(2, 8, 2025, 13171088.00, 2336016.00, 490283.00),
(2, 9, 2025, 13313694.00, 234620.00, 500174.00),
(2, 10, 2025, 12569403.00, 884926.00, 854731.00),
(2, 11, 2025, 13023481.00, 1659400.00, 934079.00),
(2, 12, 2025, 12758607.00, 2354548.00, 825158.00),
(2, 1, 2026, 13441435.00, 2447514.00, 678801.00),
(2, 2, 2026, 12645051.00, 2137108.00, 777488.00),
(3, 5, 2025, 21660265.00, 1342026.00, 1325333.00),
(3, 6, 2025, 22124834.00, 3926287.00, 1549633.00),
(3, 7, 2025, 21512038.00, 960929.00, 1566108.00),
(3, 8, 2025, 21807757.00, 3647075.00, 771680.00),
(3, 9, 2025, 22418398.00, 2209467.00, 1489805.00),
(3, 10, 2025, 22412804.00, 2503536.00, 1504646.00),
(3, 11, 2025, 22299550.00, 1355171.00, 1571159.00),
(3, 12, 2025, 22012340.00, 163382.00, 674603.00),
(3, 1, 2026, 21752572.00, 660662.00, 619628.00),
(3, 2, 2026, 22297549.00, 1054955.00, 709256.00),
(4, 5, 2025, 12673148.00, 1111728.00, 813306.00),
(4, 6, 2025, 13474036.00, 2261971.00, 1025388.00),
(4, 7, 2025, 12918373.00, 1566239.00, 719381.00),
(4, 8, 2025, 12735612.00, 268544.00, 614508.00),
(4, 9, 2025, 13117024.00, 923658.00, 267540.00),
(4, 10, 2025, 12740062.00, 282697.00, 292938.00),
(4, 11, 2025, 12792004.00, 2035975.00, 484643.00),
(4, 12, 2025, 13425245.00, 2395128.00, 864201.00),
(4, 1, 2026, 13346721.00, 1707333.00, 459659.00),
(4, 2, 2026, 12871507.00, 1776617.00, 691071.00),
(5, 5, 2025, 13185197.00, 412794.00, 323556.00),
(5, 6, 2025, 13403529.00, 458307.00, 520735.00),
(5, 7, 2025, 12646991.00, 1769499.00, 452401.00),
(5, 8, 2025, 13468114.00, 316187.00, 724656.00),
(5, 9, 2025, 13066847.00, 61898.00, 357793.00),
(5, 10, 2025, 13004740.00, 896521.00, 680521.00),
(5, 11, 2025, 12909386.00, 1112342.00, 737110.00),
(5, 12, 2025, 13265990.00, 2331061.00, 954022.00),
(5, 1, 2026, 12811120.00, 913103.00, 321324.00),
(5, 2, 2026, 13284309.00, 1315353.00, 319942.00);

INSERT INTO salaries (EmployeeID, SalaryMonth, SalaryYear, BaseSalary, Bonus, Deductions) VALUES
(6, 5, 2025, 35464047.00, 4455408.00, 1360320.00),
(6, 6, 2025, 34694851.00, 574798.00, 985048.00),
(6, 7, 2025, 35487335.00, 4778783.00, 1732702.00),
(6, 8, 2025, 34585965.00, 3516713.00, 2026951.00),
(6, 9, 2025, 34829445.00, 2002242.00, 1814068.00),
(6, 10, 2025, 34814569.00, 3835477.00, 2026143.00),
(6, 11, 2025, 35090341.00, 838703.00, 1007277.00),
(6, 12, 2025, 34638890.00, 2927698.00, 988531.00),
(6, 1, 2026, 34959469.00, 6993959.00, 1968848.00),
(6, 2, 2026, 35200305.00, 6854366.00, 1955685.00),
(6, 3, 2026, 34640814.00, 2218500.00, 1184142.00),
(6, 4, 2026, 34785577.00, 2363542.00, 1583444.00),
(7, 5, 2025, 22165046.00, 2214457.00, 1499919.00),
(7, 6, 2025, 22387204.00, 426132.00, 633563.00),
(7, 7, 2025, 21546228.00, 29743.00, 1139518.00),
(7, 8, 2025, 21669430.00, 3706384.00, 1596957.00),
(7, 9, 2025, 21617308.00, 631191.00, 752589.00),
(7, 10, 2025, 22110805.00, 1242300.00, 1341328.00),
(7, 11, 2025, 22442650.00, 334662.00, 1190380.00),
(7, 12, 2025, 21607786.00, 2966871.00, 1614160.00),
(7, 1, 2026, 22470733.00, 1985896.00, 780790.00),
(7, 2, 2026, 22272343.00, 2786573.00, 1303425.00),
(7, 3, 2026, 21779766.00, 1335448.00, 666692.00),
(7, 4, 2026, 21733238.00, 1674138.00, 1405325.00),
(8, 5, 2025, 13413648.00, 954604.00, 493752.00),
(8, 6, 2025, 12844207.00, 1168545.00, 332792.00),
(8, 7, 2025, 12919093.00, 2249051.00, 607235.00),
(8, 8, 2025, 12773903.00, 748967.00, 868792.00),
(8, 9, 2025, 12955673.00, 1449916.00, 1023934.00),
(8, 10, 2025, 13036265.00, 485053.00, 663906.00),
(8, 11, 2025, 13243215.00, 1828957.00, 261773.00),
(8, 12, 2025, 13485937.00, 826425.00, 641913.00),
(8, 1, 2026, 13465498.00, 1384959.00, 913425.00),
(8, 2, 2026, 13254717.00, 1259642.00, 791756.00),
(8, 3, 2026, 12921947.00, 1240067.00, 841343.00),
(8, 4, 2026, 13486042.00, 1590250.00, 970219.00),
(9, 5, 2025, 6815568.00, 851601.00, 427276.00),
(9, 6, 2025, 6950770.00, 1216316.00, 458065.00),
(9, 7, 2025, 6963638.00, 448164.00, 408002.00),
(9, 8, 2025, 16472285.00, 595143.00, 410245.00),
(9, 9, 2025, 6597923.00, 492555.00, 492738.00),
(9, 10, 2025, 6654511.00, 51223.00, 164229.00),
(9, 11, 2025, 7305819.00, 152731.00, 378769.00),
(9, 12, 2025, 7253240.00, 805261.00, 399196.00),
(9, 1, 2026, 7221024.00, 11628.00, 533721.00),
(9, 2, 2026, 7343170.00, 1086236.00, 383557.00),
(9, 3, 2026, 7389545.00, 254507.00, 379317.00),
(9, 4, 2026, 7086075.00, 1248754.00, 306355.00),
(10, 5, 2025, 18435351.00, 2117193.00, 1254940.00),
(10, 6, 2025, 18279779.00, 1990928.00, 1303864.00);

INSERT INTO salaries (EmployeeID, SalaryMonth, SalaryYear, BaseSalary, Bonus, Deductions) VALUES
(10, 7, 2025, 17790782.00, 3212055.00, 1376273.00),
(10, 8, 2025, 17581247.00, 2992824.00, 959215.00),
(10, 9, 2025, 18436406.00, 2265562.00, 528983.00),
(10, 10, 2025, 18227659.00, 640911.00, 808691.00),
(10, 11, 2025, 18068969.00, 1954228.00, 1231941.00),
(10, 12, 2025, 17908396.00, 3228757.00, 400961.00),
(10, 1, 2026, 18488536.00, 1475383.00, 986236.00),
(10, 2, 2026, 18270319.00, 2290644.00, 822503.00),
(10, 3, 2026, 18009232.00, 121738.00, 1175492.00),
(10, 4, 2026, 17923956.00, 3037436.00, 706123.00),
(11, 5, 2025, 35060069.00, 226210.00, 2352640.00),
(11, 6, 2025, 34588025.00, 5391774.00, 2497732.00),
(11, 7, 2025, 34772793.00, 3180153.00, 2073016.00),
(11, 8, 2025, 35298207.00, 3180341.00, 1867092.00),
(11, 9, 2025, 34993152.00, 162598.00, 918462.00),
(11, 10, 2025, 35319182.00, 5467314.00, 868854.00),
(11, 11, 2025, 34521369.00, 5212141.00, 1339137.00),
(11, 12, 2025, 34619946.00, 4730919.00, 1614209.00),
(11, 1, 2026, 34886814.00, 1407517.00, 1180385.00),
(11, 2, 2026, 34526925.00, 2616887.00, 2274151.00),
(11, 3, 2026, 35120859.00, 5793293.00, 1718584.00),
(11, 4, 2026, 35391597.00, 5739980.00, 1207741.00),
(12, 5, 2025, 21949186.00, 3108573.00, 584612.00),
(12, 6, 2025, 22390844.00, 3523708.00, 1468027.00),
(12, 7, 2025, 22166459.00, 3856573.00, 760845.00),
(12, 8, 2025, 22182054.00, 2265615.00, 1731661.00),
(12, 9, 2025, 22365845.00, 2251464.00, 1115921.00),
(12, 10, 2025, 21972700.00, 2045674.00, 1414564.00),
(12, 11, 2025, 21852737.00, 240753.00, 1476635.00),
(12, 12, 2025, 21872060.00, 2167217.00, 1153742.00),
(12, 1, 2026, 21789688.00, 85153.00, 1523445.00),
(12, 2, 2026, 21926170.00, 4098488.00, 1604288.00),
(12, 3, 2026, 22246420.00, 4117307.00, 1379890.00),
(12, 4, 2026, 21924045.00, 2040991.00, 1082160.00),
(13, 5, 2025, 13080358.00, 2226847.00, 620455.00),
(13, 6, 2025, 12868900.00, 1903145.00, 544076.00),
(13, 7, 2025, 13256321.00, 807757.00, 590876.00),
(13, 8, 2025, 13299213.00, 776574.00, 460845.00),
(13, 9, 2025, 13259782.00, 2472906.00, 810121.00),
(13, 10, 2025, 13373074.00, 814188.00, 570636.00),
(13, 11, 2025, 12514835.00, 2240324.00, 392731.00),
(13, 12, 2025, 13080238.00, 1225309.00, 991295.00),
(13, 1, 2026, 13014723.00, 430283.00, 272861.00),
(13, 2, 2026, 12961865.00, 1429024.00, 453319.00),
(13, 3, 2026, 13000935.00, 478516.00, 328517.00),
(13, 4, 2026, 13160021.00, 224852.00, 419097.00),
(14, 5, 2025, 6589318.00, 520494.00, 202102.00),
(14, 6, 2025, 7329151.00, 1296917.00, 258325.00),
(14, 7, 2025, 6964226.00, 623594.00, 448556.00),
(14, 8, 2025, 6563156.00, 1278488.00, 528019.00);

INSERT INTO salaries (EmployeeID, SalaryMonth, SalaryYear, BaseSalary, Bonus, Deductions) VALUES
(14, 9, 2025, 6777501.00, 1385018.00, 182565.00),
(14, 10, 2025, 6578711.00, 328272.00, 141402.00),
(14, 11, 2025, 6992738.00, 610815.00, 157112.00),
(14, 12, 2025, 7237135.00, 952172.00, 177318.00),
(14, 1, 2026, 7326097.00, 1310841.00, 449219.00),
(14, 2, 2026, 7071015.00, 471459.00, 479547.00),
(14, 3, 2026, 6574878.00, 125070.00, 226991.00),
(14, 4, 2026, 7096856.00, 605260.00, 370242.00),
(15, 5, 2025, 18233723.00, 1688243.00, 930941.00),
(15, 6, 2025, 17584349.00, 2508347.00, 443594.00),
(15, 7, 2025, 17762529.00, 108485.00, 551526.00),
(15, 8, 2025, 18103139.00, 2462572.00, 403506.00),
(15, 9, 2025, 18300177.00, 3172021.00, 727401.00),
(15, 10, 2025, 18460571.00, 1166673.00, 740610.00),
(15, 11, 2025, 18015611.00, 382698.00, 1345683.00),
(15, 12, 2025, 18202685.00, 438723.00, 697274.00),
(15, 1, 2026, 17802218.00, 2779076.00, 1199809.00),
(15, 2, 2026, 17829795.00, 1058637.00, 1037954.00),
(15, 3, 2026, 18364998.00, 4827.00, 1328834.00),
(15, 4, 2026, 17879353.00, 2611515.00, 1405415.00),
(16, 5, 2025, 34713446.00, 2240230.00, 1249509.00),
(16, 6, 2025, 35008257.00, 1018595.00, 821087.00),
(16, 7, 2025, 35244261.00, 1328572.00, 2003380.00),
(16, 8, 2025, 34597736.00, 1884925.00, 1175890.00),
(16, 9, 2025, 34661450.00, 4180676.00, 1924156.00),
(16, 10, 2025, 35375271.00, 4047499.00, 2680633.00),
(16, 11, 2025, 34902219.00, 1598955.00, 1272557.00),
(16, 12, 2025, 35395916.00, 3480789.00, 2125540.00),
(16, 1, 2026, 34796578.00, 6090557.00, 1952233.00),
(16, 2, 2026, 35013425.00, 1246508.00, 2572955.00),
(16, 3, 2026, 35078727.00, 6399439.00, 2282133.00),
(16, 4, 2026, 35231380.00, 2003246.00, 2306296.00),
(17, 5, 2025, 22280879.00, 3967612.00, 1239499.00),
(17, 6, 2025, 22183691.00, 1275951.00, 1478779.00),
(17, 7, 2025, 22118849.00, 2784973.00, 650479.00),
(17, 8, 2025, 21979123.00, 128744.00, 742315.00),
(17, 9, 2025, 21578463.00, 3938372.00, 995793.00),
(17, 10, 2025, 22181403.00, 673733.00, 1129051.00),
(17, 11, 2025, 21832043.00, 4093200.00, 24015247.00),
(17, 12, 2025, 21746174.00, 2410709.00, 917073.00),
(17, 1, 2026, 21603225.00, 843115.00, 1370461.00),
(17, 2, 2026, 21530353.00, 385800.00, 1120262.00),
(17, 3, 2026, 21951607.00, 1221127.00, 952119.00),
(17, 4, 2026, 22331016.00, 1510426.00, 796481.00),
(18, 5, 2025, 12901126.00, 2599253.00, 976318.00),
(18, 6, 2025, 12650069.00, 973868.00, 743550.00),
(18, 7, 2025, 13199233.00, 39415.00, 747853.00),
(18, 8, 2025, 12577449.00, 1852748.00, 622351.00),
(18, 9, 2025, 12944920.00, 1048987.00, 739027.00),
(18, 10, 2025, 13394787.00, 2026721.00, 371834.00);

INSERT INTO salaries (EmployeeID, SalaryMonth, SalaryYear, BaseSalary, Bonus, Deductions) VALUES
(18, 11, 2025, 13102733.00, 1240978.00, 993247.00),
(18, 12, 2025, 13190203.00, 1660129.00, 547813.00),
(18, 1, 2026, 13316118.00, 205706.00, 895863.00),
(18, 2, 2026, 13446795.00, 1200385.00, 501296.00),
(18, 3, 2026, 12699367.00, 1051204.00, 970687.00),
(18, 4, 2026, 12643423.00, 407535.00, 917937.00),
(19, 5, 2025, 6962236.00, 69970.00, 443863.00),
(19, 6, 2025, 7453813.00, 618891.00, 311294.00),
(19, 7, 2025, 6638579.00, 1131220.00, 331814.00),
(19, 8, 2025, 7370813.00, 345074.00, 274726.00),
(19, 9, 2025, 6855168.00, 241528.00, 385540.00),
(19, 10, 2025, 6736574.00, 833432.00, 432192.00),
(19, 11, 2025, 6514594.00, 554609.00, 7166053.00),
(19, 12, 2025, 7205511.00, 549792.00, 446477.00),
(19, 1, 2026, 4629526.00, 490360.00, 387189.00),
(19, 2, 2026, 5242288.00, 1177356.00, 311969.00),
(19, 3, 2026, 4596400.00, 1332538.00, 383409.00),
(19, 4, 2026, 4849690.00, 244687.00, 213283.00),
(20, 5, 2025, 17819149.00, 2066217.00, 603522.00),
(20, 6, 2025, 17642254.00, 1630098.00, 1311359.00),
(20, 7, 2025, 18230316.00, 2265731.00, 1238972.00),
(20, 8, 2025, 46071057.00, 1740151.00, 567663.00),
(20, 9, 2025, 18497742.00, 1173315.00, 428611.00),
(20, 10, 2025, 17966297.00, 990328.00, 1120607.00),
(20, 11, 2025, 18445497.00, 2704599.00, 1112193.00),
(20, 12, 2025, 17628093.00, 3556908.00, 1313611.00),
(20, 1, 2026, 18170556.00, 2504611.00, 404789.00),
(20, 2, 2026, 17632040.00, 3300825.00, 790347.00),
(20, 3, 2026, 17726441.00, 3410191.00, 848633.00),
(20, 4, 2026, 18124932.00, 11893.00, 941487.00),
(21, 5, 2025, 35337302.00, 1463787.00, 1161064.00),
(21, 6, 2025, 34875644.00, 6626871.00, 1697957.00),
(21, 7, 2025, 34778258.00, 439554.00, 1231663.00),
(21, 8, 2025, 35281886.00, 533163.00, 2697520.00),
(21, 9, 2025, 34614351.00, 3791696.00, 1629247.00),
(21, 10, 2025, 35452895.00, 5527279.00, 1965129.00),
(21, 11, 2025, 34563780.00, 4017991.00, 2384504.00),
(21, 12, 2025, 35247006.00, 3720870.00, 1008242.00),
(21, 1, 2026, 34568872.00, 1058571.00, 1853500.00),
(21, 2, 2026, 35246746.00, 2727853.00, 2297628.00),
(21, 3, 2026, 35030108.00, 5078688.00, 2504386.00),
(21, 4, 2026, 35186516.00, 5460284.00, 1601872.00),
(22, 5, 2025, 21933914.00, 2843164.00, 1391056.00),
(22, 6, 2025, 21827730.00, 3579955.00, 1095409.00),
(22, 7, 2025, 21660053.00, 3978447.00, 580788.00),
(22, 8, 2025, 21601255.00, 3125988.00, 712871.00),
(22, 9, 2025, 22088866.00, 2765270.00, 696337.00),
(22, 10, 2025, 22486846.00, 3547851.00, 547890.00),
(23, 5, 2025, 12608633.00, 2423965.00, 792060.00),
(23, 6, 2025, 12735137.00, 453900.00, 627121.00);

INSERT INTO salaries (EmployeeID, SalaryMonth, SalaryYear, BaseSalary, Bonus, Deductions) VALUES
(23, 7, 2025, 12792099.00, 2407949.00, 497144.00),
(23, 8, 2025, 33395455.00, 2573512.00, 967764.00),
(23, 9, 2025, 13474215.00, 1121757.00, 290359.00),
(23, 10, 2025, 12823993.00, 1425327.00, 628074.00),
(23, 11, 2025, 13093830.00, 1681011.00, 332965.00),
(23, 12, 2025, 12532146.00, 384859.00, 816251.00),
(23, 1, 2026, 9000218.00, 660222.00, 648028.00),
(23, 2, 2026, 9320199.00, 2380659.00, 885185.00),
(23, 3, 2026, 8864195.00, 660224.00, 907850.00),
(23, 4, 2026, 8949724.00, 1858550.00, 954093.00),
(24, 5, 2025, 6963516.00, 868606.00, 283218.00),
(24, 6, 2025, 6950797.00, 232552.00, 288502.00),
(24, 7, 2025, 7052530.00, 1399078.00, 301700.00),
(24, 8, 2025, 7128437.00, 114886.00, 144030.00),
(24, 9, 2025, 7304624.00, 287802.00, 540640.00),
(24, 10, 2025, 6508105.00, 1043092.00, 531650.00),
(24, 11, 2025, 7058453.00, 482577.00, 402281.00),
(24, 12, 2025, 6575576.00, 832718.00, 529043.00),
(24, 1, 2026, 7465908.00, 163289.00, 304133.00),
(24, 2, 2026, 7243963.00, 1342474.00, 358991.00),
(24, 3, 2026, 6840544.00, 360444.00, 464075.00),
(24, 4, 2026, 6592410.00, 915850.00, 195502.00),
(25, 5, 2025, 18049414.00, 329869.00, 1189982.00),
(25, 6, 2025, 17849247.00, 3267857.00, 712599.00),
(25, 7, 2025, 18056379.00, 2138893.00, 766645.00),
(25, 8, 2025, 18358729.00, 2707184.00, 669728.00),
(25, 9, 2025, 17706854.00, 727707.00, 680591.00),
(25, 10, 2025, 18310389.00, 2633808.00, 1396238.00),
(26, 5, 2025, 34970711.00, 5713761.00, 2055633.00),
(26, 6, 2025, 34571603.00, 3933595.00, 2554755.00),
(26, 7, 2025, 35120148.00, 471205.00, 2176152.00),
(26, 8, 2025, 34973866.00, 315472.00, 938614.00),
(26, 9, 2025, 35406231.00, 757461.00, 2312636.00),
(26, 10, 2025, 35330281.00, 6198518.00, 872061.00),
(26, 11, 2025, 34837145.00, 5075156.00, 2694932.00),
(26, 12, 2025, 34972407.00, 868236.00, 2140482.00),
(26, 1, 2026, 34680941.00, 328347.00, 1739112.00),
(26, 2, 2026, 35049525.00, 4385128.00, 1365829.00),
(26, 3, 2026, 34906235.00, 3429006.00, 2119214.00),
(26, 4, 2026, 35161532.00, 5429990.00, 2103621.00),
(27, 5, 2025, 22211332.00, 3242735.00, 1035899.00),
(27, 6, 2025, 22450369.00, 1261422.00, 1139110.00),
(27, 7, 2025, 22461278.00, 2934509.00, 1090603.00),
(27, 8, 2025, 21635215.00, 710674.00, 1089240.00),
(27, 9, 2025, 21844432.00, 1072011.00, 1543926.00),
(27, 10, 2025, 22033188.00, 3035234.00, 478232.00),
(27, 11, 2025, 21724597.00, 2866658.00, 1459784.00),
(27, 12, 2025, 21662471.00, 647307.00, 1060320.00),
(27, 1, 2026, 22375686.00, 316648.00, 1146246.00),
(27, 2, 2026, 21661745.00, 1361028.00, 819261.00);

INSERT INTO salaries (EmployeeID, SalaryMonth, SalaryYear, BaseSalary, Bonus, Deductions) VALUES
(27, 3, 2026, 21673580.00, 3671470.00, 531629.00),
(27, 4, 2026, 21749068.00, 3726208.00, 1720511.00),
(28, 5, 2025, 12745369.00, 2239805.00, 510786.00),
(28, 6, 2025, 12703440.00, 1542836.00, 971256.00),
(28, 7, 2025, 12795459.00, 1601689.00, 787335.00),
(28, 8, 2025, 13356572.00, 837592.00, 894035.00),
(28, 9, 2025, 13003935.00, 1556976.00, 841478.00),
(28, 10, 2025, 13392512.00, 522936.00, 558910.00),
(28, 11, 2025, 13449282.00, 2153157.00, 414506.00),
(28, 12, 2025, 12732823.00, 1892167.00, 626566.00),
(28, 1, 2026, 13026392.00, 1568508.00, 507231.00),
(28, 2, 2026, 12529556.00, 1336661.00, 363896.00),
(28, 3, 2026, 12653143.00, 577134.00, 300163.00),
(28, 4, 2026, 12645534.00, 1967590.00, 730392.00),
(29, 5, 2025, 6519927.00, 536711.00, 253065.00),
(29, 6, 2025, 7138457.00, 1106817.00, 361907.00),
(29, 7, 2025, 6627767.00, 100137.00, 265010.00),
(29, 8, 2025, 6979318.00, 131716.00, 198121.00),
(29, 9, 2025, 7162652.00, 1080821.00, 441490.00),
(29, 10, 2025, 6950089.00, 3280.00, 462337.00),
(29, 11, 2025, 6696412.00, 1393287.00, 490337.00),
(29, 12, 2025, 6570966.00, 1103226.00, 425255.00),
(29, 1, 2026, 6909420.00, 985944.00, 162824.00),
(29, 2, 2026, 6765971.00, 34062.00, 327220.00),
(29, 3, 2026, 7189023.00, 1317550.00, 194349.00),
(29, 4, 2026, 6639890.00, 92978.00, 324706.00),
(30, 5, 2025, 17683594.00, 3482881.00, 1334384.00),
(30, 6, 2025, 18350916.00, 565612.00, 492331.00),
(30, 7, 2025, 17711383.00, 183736.00, 778318.00),
(30, 8, 2025, 18040418.00, 1670272.00, 1352791.00),
(30, 9, 2025, 17700386.00, 1200036.00, 1108629.00),
(30, 10, 2025, 17630521.00, 3352685.00, 1131792.00),
(30, 11, 2025, 18438095.00, 1621705.00, 1071011.00),
(30, 12, 2025, 17885191.00, 3344080.00, 919353.00),
(30, 1, 2026, 17951524.00, 2526872.00, 738444.00),
(30, 2, 2026, 17583958.00, 1375395.00, 980001.00),
(30, 3, 2026, 17946815.00, 698958.00, 1290943.00),
(30, 4, 2026, 18412300.00, 1478740.00, 1272136.00),
(31, 5, 2025, 35493949.00, 481154.00, 1014745.00),
(31, 6, 2025, 35038009.00, 6720080.00, 1371032.00),
(31, 7, 2025, 35211027.00, 6554119.00, 2537830.00),
(31, 8, 2025, 35316332.00, 5412018.00, 2236492.00),
(31, 9, 2025, 34533958.00, 5075903.00, 1343566.00),
(31, 10, 2025, 34890084.00, 3724032.00, 1022480.00),
(31, 11, 2025, 34917368.00, 2637256.00, 1868909.00),
(31, 12, 2025, 34695085.00, 4186284.00, 2323142.00),
(31, 1, 2026, 34772933.00, 5905897.00, 2571805.00),
(31, 2, 2026, 35460997.00, 4120485.00, 1539608.00),
(31, 3, 2026, 34974001.00, 1448346.00, 2566931.00),
(31, 4, 2026, 34835112.00, 5602246.00, 2157207.00);

INSERT INTO salaries (EmployeeID, SalaryMonth, SalaryYear, BaseSalary, Bonus, Deductions) VALUES
(32, 5, 2025, 21804466.00, 2516218.00, 770312.00),
(32, 6, 2025, 22168676.00, 1460381.00, 1198104.00),
(32, 7, 2025, 21710743.00, 1164983.00, 936471.00),
(32, 8, 2025, 22100076.00, 3094651.00, 1420221.00),
(32, 9, 2025, 21590403.00, 551535.00, 1088629.00),
(32, 10, 2025, 22051231.00, 3445999.00, 1298644.00),
(32, 11, 2025, 21832427.00, 622141.00, 1383664.00),
(32, 12, 2025, 21634568.00, 1526417.00, 710601.00),
(32, 1, 2026, 21558104.00, 1041538.00, 1526538.00),
(32, 2, 2026, 21838334.00, 1891381.00, 1165662.00),
(32, 3, 2026, 21762778.00, 1646699.00, 1595198.00),
(32, 4, 2026, 22144274.00, 783734.00, 1493972.00),
(33, 5, 2025, 13108851.00, 646737.00, 439516.00),
(33, 6, 2025, 13134534.00, 1416079.00, 850996.00),
(33, 7, 2025, 13494623.00, 2419153.00, 537511.00),
(33, 8, 2025, 12936822.00, 2592534.00, 930030.00),
(33, 9, 2025, 13072079.00, 1214970.00, 933088.00),
(33, 10, 2025, 13346567.00, 1703275.00, 571882.00),
(33, 11, 2025, 12665759.00, 1843839.00, 695810.00),
(33, 12, 2025, 13136129.00, 602590.00, 587766.00),
(33, 1, 2026, 13402590.00, 1448589.00, 678084.00),
(33, 2, 2026, 12611341.00, 1338469.00, 513480.00),
(33, 3, 2026, 12759961.00, 590883.00, 361514.00),
(33, 4, 2026, 13406141.00, 2581080.00, 698446.00),
(34, 5, 2025, 7479109.00, 1211497.00, 518078.00),
(34, 6, 2025, 7022469.00, 1079456.00, 384745.00),
(34, 7, 2025, 6594423.00, 824688.00, 404998.00),
(34, 8, 2025, 17175092.00, 102043.00, 166497.00),
(34, 9, 2025, 7383791.00, 1372082.00, 492594.00),
(34, 10, 2025, 7388324.00, 225437.00, 365930.00),
(34, 11, 2025, 7300961.00, 845685.00, 331856.00),
(34, 12, 2025, 7089107.00, 408221.00, 330066.00),
(34, 1, 2026, 4920125.00, 944461.00, 540767.00),
(34, 2, 2026, 5007461.00, 1281450.00, 202291.00),
(34, 3, 2026, 4839125.00, 782653.00, 556755.00),
(34, 4, 2026, 4818356.00, 302550.00, 244363.00),
(35, 5, 2025, 18024369.00, 168841.00, 455008.00),
(35, 6, 2025, 18343019.00, 1987026.00, 1318374.00),
(35, 7, 2025, 17646570.00, 1375588.00, 1028005.00),
(35, 8, 2025, 18275232.00, 3534128.00, 987539.00),
(35, 9, 2025, 18034473.00, 2232795.00, 1387282.00),
(35, 10, 2025, 18355374.00, 69780.00, 1132502.00),
(35, 11, 2025, 17936774.00, 2448224.00, 1005247.00),
(35, 12, 2025, 18125905.00, 1990575.00, 916857.00),
(35, 1, 2026, 18256442.00, 215399.00, 1367574.00),
(35, 2, 2026, 18149840.00, 3248933.00, 1157316.00),
(35, 3, 2026, 18100383.00, 2938197.00, 590467.00),
(35, 4, 2026, 17939122.00, 635148.00, 1226040.00),
(36, 5, 2025, 35312617.00, 5129449.00, 2678056.00),
(36, 6, 2025, 34644789.00, 4351030.00, 1569654.00);

INSERT INTO salaries (EmployeeID, SalaryMonth, SalaryYear, BaseSalary, Bonus, Deductions) VALUES
(36, 7, 2025, 35001608.00, 4408021.00, 2280517.00),
(36, 8, 2025, 35059024.00, 2871647.00, 2185987.00),
(36, 9, 2025, 35342690.00, 5815933.00, 1808815.00),
(36, 10, 2025, 34758494.00, 2340475.00, 1951996.00),
(36, 11, 2025, 35239142.00, 1738772.00, 2751027.00),
(36, 12, 2025, 35479055.00, 6672343.00, 1846964.00),
(36, 1, 2026, 35069576.00, 3185105.00, 2354789.00),
(36, 2, 2026, 34801602.00, 5990651.00, 1031473.00),
(36, 3, 2026, 35283641.00, 4018808.00, 1597525.00),
(36, 4, 2026, 35089318.00, 5839908.00, 1839263.00),
(37, 5, 2025, 22115336.00, 2007243.00, 948471.00),
(37, 6, 2025, 21736633.00, 1953174.00, 550081.00),
(37, 7, 2025, 21995351.00, 843431.00, 728289.00),
(37, 8, 2025, 54164032.00, 3413387.00, 1437614.00),
(37, 9, 2025, 21801198.00, 2694149.00, 1038559.00),
(37, 10, 2025, 21593806.00, 1948004.00, 1562295.00),
(37, 11, 2025, 21539110.00, 1468549.00, 1316368.00),
(37, 12, 2025, 21916278.00, 4155581.00, 830723.00),
(37, 1, 2026, 21509717.00, 2503095.00, 1631102.00),
(37, 2, 2026, 21851317.00, 2387076.00, 1392839.00),
(37, 3, 2026, 22432456.00, 1125750.00, 1497410.00),
(37, 4, 2026, 21618118.00, 2773979.00, 780775.00),
(38, 5, 2025, 13253504.00, 780975.00, 274768.00),
(38, 6, 2025, 13095361.00, 810177.00, 444019.00),
(38, 7, 2025, 13367161.00, 1793917.00, 800310.00),
(38, 8, 2025, 12600018.00, 775028.00, 407442.00),
(38, 9, 2025, 12507161.00, 1093812.00, 662206.00),
(38, 10, 2025, 12845637.00, 1266452.00, 870754.00),
(38, 11, 2025, 13185436.00, 1508070.00, 986420.00),
(38, 12, 2025, 12988002.00, 1286839.00, 427475.00),
(38, 1, 2026, 13438599.00, 1304336.00, 983821.00),
(38, 2, 2026, 12809369.00, 1541590.00, 904481.00),
(38, 3, 2026, 13001410.00, 642506.00, 737079.00),
(38, 4, 2026, 13236038.00, 2303656.00, 753699.00),
(39, 5, 2025, 7298867.00, 518972.00, 496695.00),
(39, 6, 2025, 7053829.00, 758717.00, 180948.00),
(39, 7, 2025, 7074251.00, 1060083.00, 245988.00),
(39, 8, 2025, 6844056.00, 1091235.00, 371651.00),
(39, 9, 2025, 7111474.00, 1025146.00, 187679.00),
(39, 10, 2025, 6975458.00, 276707.00, 409089.00),
(40, 5, 2025, 18085941.00, 1939355.00, 1006278.00),
(40, 6, 2025, 18356113.00, 12647.00, 816972.00),
(40, 7, 2025, 17861264.00, 2937627.00, 493714.00),
(40, 8, 2025, 17572371.00, 1980010.00, 426552.00),
(40, 9, 2025, 17642007.00, 3212114.00, 1241562.00),
(40, 10, 2025, 18461664.00, 1583334.00, 1147785.00),
(40, 11, 2025, 18417036.00, 2261989.00, 638899.00),
(40, 12, 2025, 18063356.00, 1648607.00, 627066.00),
(40, 1, 2026, 18292911.00, 95358.00, 985712.00),
(40, 2, 2026, 17944730.00, 2231091.00, 1155400.00);

INSERT INTO salaries (EmployeeID, SalaryMonth, SalaryYear, BaseSalary, Bonus, Deductions) VALUES
(40, 3, 2026, 17662656.00, 1156158.00, 755272.00),
(40, 4, 2026, 18192267.00, 1758422.00, 392811.00),
(41, 5, 2025, 35122795.00, 281658.00, 2572509.00),
(41, 6, 2025, 34551040.00, 2052978.00, 885542.00),
(41, 7, 2025, 34727823.00, 6328245.00, 936743.00),
(41, 8, 2025, 86863840.00, 6843311.00, 2037579.00),
(41, 9, 2025, 35358136.00, 2689933.00, 1693647.00),
(41, 10, 2025, 35046571.00, 1854240.00, 2434597.00),
(41, 11, 2025, 35494595.00, 4963263.00, 1434561.00),
(41, 12, 2025, 35019696.00, 393292.00, 2144580.00),
(41, 1, 2026, 35049939.00, 2673738.00, 2446192.00),
(41, 2, 2026, 34692811.00, 6328500.00, 2686081.00),
(41, 3, 2026, 35241948.00, 1210910.00, 2642068.00),
(41, 4, 2026, 34936740.00, 4674860.00, 1262425.00),
(42, 5, 2025, 21846305.00, 663290.00, 1383271.00),
(42, 6, 2025, 22369695.00, 1597875.00, 548080.00),
(42, 7, 2025, 22132209.00, 331748.00, 592639.00),
(42, 8, 2025, 22085997.00, 1820466.00, 1445362.00),
(42, 9, 2025, 22453149.00, 128628.00, 884193.00),
(42, 10, 2025, 22290973.00, 4017479.00, 948754.00),
(42, 11, 2025, 21915898.00, 2007653.00, 1597794.00),
(42, 12, 2025, 22059572.00, 3013687.00, 1086808.00),
(42, 1, 2026, 22021433.00, 3909125.00, 646796.00),
(42, 2, 2026, 21835788.00, 1703956.00, 1217424.00),
(42, 3, 2026, 22406058.00, 1856181.00, 746022.00),
(42, 4, 2026, 22112401.00, 3502898.00, 1059063.00),
(43, 5, 2025, 12898290.00, 2389870.00, 517666.00),
(43, 6, 2025, 13218113.00, 1415847.00, 529826.00),
(43, 7, 2025, 13014426.00, 1932856.00, 436405.00),
(43, 8, 2025, 13255303.00, 2292381.00, 772036.00),
(43, 9, 2025, 12561585.00, 2197582.00, 295466.00),
(43, 10, 2025, 12506693.00, 1729698.00, 404170.00),
(43, 11, 2025, 12658366.00, 38342.00, 489344.00),
(43, 12, 2025, 13147847.00, 2585869.00, 766676.00),
(43, 1, 2026, 9140645.00, 2313760.00, 691319.00),
(43, 2, 2026, 9280091.00, 1152346.00, 821762.00),
(43, 3, 2026, 9346859.00, 1805954.00, 447974.00),
(43, 4, 2026, 9134899.00, 624521.00, 512674.00),
(44, 5, 2025, 6764679.00, 743316.00, 280155.00),
(44, 6, 2025, 6925750.00, 962588.00, 436223.00),
(44, 7, 2025, 7217269.00, 169065.00, 482745.00),
(44, 8, 2025, 6897687.00, 790981.00, 429774.00),
(44, 9, 2025, 7236986.00, 359417.00, 183351.00),
(44, 10, 2025, 6847362.00, 1186687.00, 189997.00),
(44, 11, 2025, 7445053.00, 1188632.00, 389299.00),
(44, 12, 2025, 7217675.00, 587984.00, 424704.00),
(44, 1, 2026, 7473882.00, 659522.00, 148209.00),
(44, 2, 2026, 7360556.00, 835287.00, 180337.00),
(44, 3, 2026, 7094223.00, 816120.00, 494961.00),
(44, 4, 2026, 7275679.00, 293497.00, 554448.00);

INSERT INTO salaries (EmployeeID, SalaryMonth, SalaryYear, BaseSalary, Bonus, Deductions) VALUES
(45, 5, 2025, 18281667.00, 1450639.00, 472609.00),
(45, 6, 2025, 17579710.00, 1428549.00, 1191946.00),
(45, 7, 2025, 18321609.00, 1889744.00, 1388870.00),
(45, 8, 2025, 17893663.00, 1811301.00, 749520.00),
(45, 9, 2025, 17589856.00, 3238704.00, 979455.00),
(45, 10, 2025, 17780989.00, 646849.00, 1156917.00),
(46, 5, 2025, 34908548.00, 2656489.00, 2212886.00),
(46, 6, 2025, 34823241.00, 3730714.00, 2209603.00),
(46, 7, 2025, 34696494.00, 3615318.00, 2582586.00),
(46, 8, 2025, 34608310.00, 220300.00, 1075888.00),
(46, 9, 2025, 35127094.00, 6580348.00, 2060759.00),
(46, 10, 2025, 34906637.00, 6536144.00, 1055255.00),
(46, 11, 2025, 34754533.00, 4797951.00, 1411282.00),
(46, 12, 2025, 34781981.00, 2526072.00, 1825779.00),
(46, 1, 2026, 34955791.00, 2314935.00, 2466231.00),
(46, 2, 2026, 34878666.00, 2111410.00, 1734273.00),
(46, 3, 2026, 35146624.00, 1640377.00, 2620410.00),
(46, 4, 2026, 35494913.00, 3319304.00, 2093419.00),
(47, 5, 2025, 21845549.00, 3692857.00, 1141992.00),
(47, 6, 2025, 21642736.00, 2520233.00, 1112483.00),
(47, 7, 2025, 21829445.00, 1490129.00, 1275168.00),
(47, 8, 2025, 22163646.00, 4118867.00, 1647706.00),
(47, 9, 2025, 22356156.00, 3296178.00, 1205493.00),
(47, 10, 2025, 22072133.00, 1509338.00, 1593641.00),
(47, 11, 2025, 22242776.00, 1758658.00, 1359506.00),
(47, 12, 2025, 22388970.00, 3432128.00, 1487114.00),
(47, 1, 2026, 21764955.00, 1293047.00, 1327363.00),
(47, 2, 2026, 22126979.00, 4020112.00, 1661054.00),
(47, 3, 2026, 22465101.00, 3508960.00, 1580106.00),
(47, 4, 2026, 22351755.00, 712880.00, 669364.00),
(48, 5, 2025, 12674418.00, 2569757.00, 306448.00),
(48, 6, 2025, 12919029.00, 1390817.00, 711365.00),
(48, 7, 2025, 12732785.00, 2141931.00, 803998.00),
(48, 8, 2025, 12731768.00, 1869730.00, 652292.00),
(48, 9, 2025, 13117181.00, 2099105.00, 418067.00),
(48, 10, 2025, 12809783.00, 1744727.00, 350025.00),
(48, 11, 2025, 12827040.00, 1438925.00, 737450.00),
(48, 12, 2025, 12999292.00, 409460.00, 719450.00),
(48, 1, 2026, 12570437.00, 1259398.00, 306853.00),
(48, 2, 2026, 12859743.00, 458700.00, 970032.00),
(48, 3, 2026, 12682927.00, 2314879.00, 427914.00),
(48, 4, 2026, 12984498.00, 972472.00, 684723.00),
(49, 5, 2025, 7189237.00, 906251.00, 347399.00),
(49, 6, 2025, 6706909.00, 942827.00, 450485.00),
(49, 7, 2025, 6725230.00, 431561.00, 285932.00),
(49, 8, 2025, 7338338.00, 1125937.00, 238020.00),
(49, 9, 2025, 6619490.00, 550194.00, 491640.00),
(49, 10, 2025, 6828628.00, 1251938.00, 343758.00),
(49, 11, 2025, 6864825.00, 738165.00, 380050.00),
(49, 12, 2025, 7240282.00, 623787.00, 462166.00);

INSERT INTO salaries (EmployeeID, SalaryMonth, SalaryYear, BaseSalary, Bonus, Deductions) VALUES
(49, 1, 2026, 6828399.00, 247173.00, 265080.00),
(49, 2, 2026, 7227120.00, 296450.00, 407819.00),
(49, 3, 2026, 7102727.00, 804698.00, 361794.00),
(49, 4, 2026, 7227117.00, 1353208.00, 230824.00),
(50, 5, 2025, 17647111.00, 784748.00, 1019722.00),
(50, 6, 2025, 17876479.00, 40195.00, 1376298.00),
(50, 7, 2025, 18088861.00, 2119960.00, 1398027.00),
(50, 8, 2025, 18244638.00, 3522761.00, 1290824.00),
(50, 9, 2025, 17532359.00, 3338166.00, 822483.00),
(50, 10, 2025, 18063723.00, 1210771.00, 712759.00),
(50, 11, 2025, 18303124.00, 2077494.00, 1431237.00),
(50, 12, 2025, 18312764.00, 2277952.00, 1129364.00),
(50, 1, 2026, 17962806.00, 2291571.00, 818315.00),
(50, 2, 2026, 18185424.00, 3151371.00, 879111.00),
(50, 3, 2026, 17865509.00, 3425607.00, 542416.00),
(50, 4, 2026, 17748455.00, 880292.00, 1095326.00),
(51, 5, 2025, 34674044.00, 5168650.00, 1283993.00),
(51, 6, 2025, 35097766.00, 2942853.00, 1878956.00),
(51, 7, 2025, 35238253.00, 2454797.00, 1913551.00),
(51, 8, 2025, 35039403.00, 5698375.00, 1099403.00),
(51, 9, 2025, 34790794.00, 5502056.00, 1232207.00),
(51, 10, 2025, 35245951.00, 2701943.00, 1738319.00),
(51, 11, 2025, 35105474.00, 5304972.00, 1827081.00),
(51, 12, 2025, 34579184.00, 5315254.00, 1090467.00),
(51, 1, 2026, 35228449.00, 3095993.00, 2607131.00),
(51, 2, 2026, 35411115.00, 6493917.00, 1090664.00),
(51, 3, 2026, 35231160.00, 3004990.00, 965628.00),
(51, 4, 2026, 34950513.00, 6919323.00, 1588569.00),
(52, 5, 2025, 21797368.00, 2833295.00, 1587793.00),
(52, 6, 2025, 22008913.00, 2883496.00, 541521.00),
(52, 7, 2025, 22377345.00, 3855251.00, 474144.00),
(52, 8, 2025, 21500708.00, 3588640.00, 864292.00),
(52, 9, 2025, 21816528.00, 1333599.00, 1014660.00),
(52, 10, 2025, 21586424.00, 3119251.00, 787131.00),
(52, 11, 2025, 22261253.00, 1964140.00, 1340162.00),
(52, 12, 2025, 21501139.00, 1790306.00, 1439936.00),
(52, 1, 2026, 22044676.00, 3733491.00, 459476.00),
(52, 2, 2026, 21626451.00, 3542626.00, 717191.00),
(52, 3, 2026, 21593670.00, 859221.00, 656429.00),
(52, 4, 2026, 21643790.00, 3210496.00, 719227.00),
(53, 5, 2025, 13056278.00, 2362614.00, 268886.00),
(53, 6, 2025, 12868247.00, 893619.00, 918589.00),
(53, 7, 2025, 13146002.00, 1855492.00, 487797.00),
(53, 8, 2025, 12629139.00, 2472852.00, 1025470.00),
(53, 9, 2025, 12829780.00, 586490.00, 519822.00),
(53, 10, 2025, 13080278.00, 2520772.00, 889153.00),
(53, 11, 2025, 13487002.00, 112509.00, 950388.00),
(53, 12, 2025, 13034273.00, 791240.00, 670780.00),
(53, 1, 2026, 13441529.00, 1003869.00, 778927.00),
(53, 2, 2026, 13169077.00, 2491122.00, 334461.00);

INSERT INTO salaries (EmployeeID, SalaryMonth, SalaryYear, BaseSalary, Bonus, Deductions) VALUES
(53, 3, 2026, 13479290.00, 1327382.00, 398394.00),
(53, 4, 2026, 13072896.00, 724651.00, 753894.00),
(54, 5, 2025, 6514463.00, 549842.00, 253111.00),
(54, 6, 2025, 6917307.00, 1062439.00, 290202.00),
(54, 7, 2025, 6935612.00, 888301.00, 507950.00),
(54, 8, 2025, 7063772.00, 1291944.00, 220048.00),
(54, 9, 2025, 7036141.00, 426136.00, 221462.00),
(54, 10, 2025, 7165105.00, 1362812.00, 497069.00),
(54, 11, 2025, 6958737.00, 500458.00, 170359.00),
(54, 12, 2025, 6621620.00, 950789.00, 461019.00),
(54, 1, 2026, 5094405.00, 1380035.00, 528318.00),
(54, 2, 2026, 5069600.00, 287753.00, 507787.00),
(54, 3, 2026, 5249516.00, 727093.00, 414205.00),
(54, 4, 2026, 5079043.00, 543680.00, 227536.00),
(55, 5, 2025, 18319067.00, 1127279.00, 607582.00),
(55, 6, 2025, 17785192.00, 2197203.00, 493949.00),
(55, 7, 2025, 18158015.00, 323255.00, 1400496.00),
(55, 8, 2025, 18023879.00, 2377692.00, 709975.00),
(55, 9, 2025, 17607903.00, 2407162.00, 601872.00),
(55, 10, 2025, 17546177.00, 51539.00, 872861.00),
(55, 11, 2025, 18464927.00, 629500.00, 735308.00),
(55, 12, 2025, 18248705.00, 3106577.00, 1239481.00),
(55, 1, 2026, 18460343.00, 3021106.00, 1030952.00),
(55, 2, 2026, 17625200.00, 2105712.00, 470461.00),
(55, 3, 2026, 17548159.00, 1681600.00, 504549.00),
(55, 4, 2026, 17825790.00, 1372799.00, 541163.00),
(56, 5, 2025, 34710418.00, 2446076.00, 1974688.00),
(56, 6, 2025, 34886162.00, 4963463.00, 2769304.00),
(56, 7, 2025, 35297423.00, 6677110.00, 1728136.00),
(56, 8, 2025, 34525071.00, 1954526.00, 2153006.00),
(56, 9, 2025, 35497185.00, 2810329.00, 706132.00),
(56, 10, 2025, 35262540.00, 2579586.00, 1135993.00),
(56, 11, 2025, 34940208.00, 4127437.00, 951218.00),
(56, 12, 2025, 34546032.00, 1941732.00, 2432485.00),
(56, 1, 2026, 35284229.00, 712213.00, 1100879.00),
(56, 2, 2026, 34913507.00, 627723.00, 961233.00),
(56, 3, 2026, 34748273.00, 2446755.00, 1794675.00),
(56, 4, 2026, 35271073.00, 2736796.00, 2034030.00),
(57, 5, 2025, 22489388.00, 1700476.00, 725447.00),
(57, 6, 2025, 21672359.00, 3771239.00, 1417388.00),
(57, 7, 2025, 21875691.00, 1741778.00, 1387738.00),
(57, 8, 2025, 21625738.00, 758505.00, 770543.00),
(57, 9, 2025, 22230729.00, 338310.00, 890931.00),
(57, 10, 2025, 21760276.00, 2984186.00, 1270984.00),
(57, 11, 2025, 21772804.00, 1458508.00, 505183.00),
(57, 12, 2025, 22076843.00, 2095915.00, 638653.00),
(57, 1, 2026, 21646583.00, 1018823.00, 465075.00),
(57, 2, 2026, 22363684.00, 3360323.00, 1220643.00),
(57, 3, 2026, 21588121.00, 2171144.00, 597259.00),
(57, 4, 2026, 22177366.00, 3719771.00, 710095.00);

INSERT INTO salaries (EmployeeID, SalaryMonth, SalaryYear, BaseSalary, Bonus, Deductions) VALUES
(58, 5, 2025, 13488052.00, 1933552.00, 313097.00),
(58, 6, 2025, 13259620.00, 1656744.00, 780226.00),
(58, 7, 2025, 12681201.00, 1484545.00, 485146.00),
(58, 8, 2025, 13426336.00, 623405.00, 296332.00),
(58, 9, 2025, 13178720.00, 1237760.00, 783125.00),
(58, 10, 2025, 12591982.00, 1173465.00, 661620.00),
(59, 5, 2025, 7427625.00, 1102712.00, 270625.00),
(59, 6, 2025, 6901078.00, 753112.00, 391492.00),
(59, 7, 2025, 7093128.00, 1053595.00, 308613.00),
(59, 8, 2025, 6834367.00, 1252243.00, 254829.00),
(59, 9, 2025, 6994596.00, 1110299.00, 327397.00),
(59, 10, 2025, 6604998.00, 519793.00, 484386.00),
(59, 11, 2025, 7329672.00, 117248.00, 540582.00),
(59, 12, 2025, 7336124.00, 814581.00, 326019.00),
(59, 1, 2026, 6833451.00, 752422.00, 450149.00),
(59, 2, 2026, 7493587.00, 1190451.00, 435492.00),
(59, 3, 2026, 7377340.00, 1032274.00, 424229.00),
(59, 4, 2026, 6594641.00, 117792.00, 261961.00),
(60, 5, 2025, 18001207.00, 2866.00, 1055696.00),
(60, 6, 2025, 17857311.00, 3007054.00, 732160.00),
(60, 7, 2025, 18115104.00, 2955710.00, 657067.00),
(60, 8, 2025, 17576054.00, 1566953.00, 1189624.00),
(60, 9, 2025, 17838273.00, 572319.00, 690309.00),
(60, 10, 2025, 18010866.00, 2722859.00, 1025391.00),
(60, 11, 2025, 18227250.00, 2574082.00, 1108317.00),
(60, 12, 2025, 17683869.00, 1587057.00, 1003454.00),
(60, 1, 2026, 17686340.00, 3056938.00, 363770.00),
(60, 2, 2026, 18308274.00, 2380195.00, 427911.00),
(60, 3, 2026, 18348095.00, 2564318.00, 823250.00),
(60, 4, 2026, 18020287.00, 589901.00, 1054510.00),
(61, 5, 2025, 34835039.00, 1408341.00, 1072143.00),
(61, 6, 2025, 35429723.00, 2816470.00, 2573301.00),
(61, 7, 2025, 35226847.00, 568703.00, 2170024.00),
(61, 8, 2025, 34550486.00, 3237475.00, 2538028.00),
(61, 9, 2025, 35427519.00, 3473044.00, 2768135.00),
(61, 10, 2025, 34606355.00, 6952536.00, 2711123.00),
(61, 11, 2025, 34736540.00, 1364461.00, 2592836.00),
(61, 12, 2025, 34834198.00, 2190497.00, 1139248.00),
(61, 1, 2026, 34893696.00, 1349764.00, 1014582.00),
(61, 2, 2026, 35143453.00, 4049489.00, 829994.00),
(61, 3, 2026, 35432973.00, 3642336.00, 1358941.00),
(61, 4, 2026, 34699212.00, 3433288.00, 1812601.00),
(62, 5, 2025, 21600575.00, 416372.00, 1263975.00),
(62, 6, 2025, 21661050.00, 457219.00, 1196713.00),
(62, 7, 2025, 22363918.00, 4029286.00, 858748.00),
(62, 8, 2025, 22169191.00, 2447891.00, 611832.00),
(62, 9, 2025, 21916774.00, 3950568.00, 1465710.00),
(62, 10, 2025, 22070557.00, 3250813.00, 827724.00),
(62, 11, 2025, 21967429.00, 374273.00, 992171.00),
(62, 12, 2025, 22377740.00, 2252861.00, 1623310.00);

INSERT INTO salaries (EmployeeID, SalaryMonth, SalaryYear, BaseSalary, Bonus, Deductions) VALUES
(62, 1, 2026, 22199891.00, 811200.00, 619741.00),
(62, 2, 2026, 21934096.00, 1908515.00, 1600987.00),
(62, 3, 2026, 21938967.00, 3983115.00, 1641068.00),
(62, 4, 2026, 21913982.00, 291323.00, 1492983.00),
(63, 5, 2025, 13210446.00, 618440.00, 386124.00),
(63, 6, 2025, 12675284.00, 888731.00, 462087.00),
(63, 7, 2025, 13216308.00, 1826171.00, 471727.00),
(63, 8, 2025, 12770413.00, 1341126.00, 1022422.00),
(63, 9, 2025, 12916656.00, 2315483.00, 601968.00),
(63, 10, 2025, 13415895.00, 51857.00, 994435.00),
(63, 11, 2025, 12939976.00, 471938.00, 694574.00),
(63, 12, 2025, 13110981.00, 420286.00, 370766.00),
(63, 1, 2026, 9386729.00, 2246609.00, 620572.00),
(63, 2, 2026, 9230615.00, 2036690.00, 859809.00),
(63, 3, 2026, 8876394.00, 1155170.00, 682548.00),
(63, 4, 2026, 9249718.00, 1684935.00, 300666.00),
(64, 5, 2025, 6847596.00, 498239.00, 165842.00),
(64, 6, 2025, 7440605.00, 781064.00, 150607.00),
(64, 7, 2025, 7383788.00, 1031000.00, 505000.00),
(64, 8, 2025, 6739030.00, 281826.00, 297538.00),
(64, 9, 2025, 6836454.00, 565014.00, 522100.00),
(64, 10, 2025, 6697064.00, 926346.00, 250829.00),
(64, 11, 2025, 7041590.00, 784146.00, 169468.00),
(64, 12, 2025, 7244037.00, 1062826.00, 351489.00),
(64, 1, 2026, 6530354.00, 364353.00, 241063.00),
(64, 2, 2026, 6978621.00, 106030.00, 328940.00),
(64, 3, 2026, 7363508.00, 973536.00, 404831.00),
(64, 4, 2026, 7214263.00, 64095.00, 266845.00),
(65, 5, 2025, 17686209.00, 1990542.00, 1093499.00),
(65, 6, 2025, 17771224.00, 3141370.00, 549565.00),
(65, 7, 2025, 17670820.00, 3581186.00, 809458.00),
(65, 8, 2025, 17716773.00, 1128618.00, 1218798.00),
(65, 9, 2025, 18304858.00, 2861353.00, 378660.00),
(65, 10, 2025, 18130343.00, 3359070.00, 377749.00),
(66, 5, 2025, 35488812.00, 2562381.00, 1855021.00),
(66, 6, 2025, 34981294.00, 2113918.00, 1615235.00),
(66, 7, 2025, 35364352.00, 5231187.00, 2365778.00),
(66, 8, 2025, 35194530.00, 3139266.00, 1885632.00),
(66, 9, 2025, 34566938.00, 2820951.00, 1859654.00),
(66, 10, 2025, 34773832.00, 5503930.00, 1953220.00),
(66, 11, 2025, 34751974.00, 476260.00, 2394911.00),
(66, 12, 2025, 35256320.00, 213534.00, 2786132.00),
(66, 1, 2026, 34924252.00, 3257086.00, 848138.00),
(66, 2, 2026, 35355653.00, 1593123.00, 2139346.00),
(66, 3, 2026, 35060605.00, 5354562.00, 2695378.00),
(66, 4, 2026, 35386486.00, 1425951.00, 1459738.00),
(67, 5, 2025, 22276909.00, 2169728.00, 1612374.00),
(67, 6, 2025, 22186224.00, 749101.00, 906099.00),
(67, 7, 2025, 21822002.00, 3527179.00, 1134822.00),
(67, 8, 2025, 21986288.00, 988022.00, 1426786.00);

INSERT INTO salaries (EmployeeID, SalaryMonth, SalaryYear, BaseSalary, Bonus, Deductions) VALUES
(67, 9, 2025, 22490171.00, 597400.00, 1430316.00),
(67, 10, 2025, 22213763.00, 3201673.00, 1551151.00),
(67, 11, 2025, 22395735.00, 1264821.00, 728075.00),
(67, 12, 2025, 22097062.00, 3838387.00, 740362.00),
(67, 1, 2026, 21584736.00, 4090124.00, 1137574.00),
(67, 2, 2026, 21560831.00, 39539.00, 1388024.00),
(67, 3, 2026, 21676795.00, 1329050.00, 1466717.00),
(67, 4, 2026, 22164259.00, 3602149.00, 1285977.00),
(68, 5, 2025, 12539557.00, 2238846.00, 469100.00),
(68, 6, 2025, 13435336.00, 1351459.00, 816829.00),
(68, 7, 2025, 13157128.00, 1043639.00, 497256.00),
(68, 8, 2025, 12607697.00, 1608727.00, 787786.00),
(68, 9, 2025, 13363862.00, 191756.00, 572687.00),
(68, 10, 2025, 13125339.00, 2198308.00, 614245.00),
(68, 11, 2025, 12859381.00, 2055958.00, 636701.00),
(68, 12, 2025, 13462808.00, 1691947.00, 280053.00),
(68, 1, 2026, 12637579.00, 885796.00, 1029735.00),
(68, 2, 2026, 12629144.00, 1537595.00, 1005652.00),
(68, 3, 2026, 13171425.00, 1072857.00, 820708.00),
(68, 4, 2026, 12550290.00, 453460.00, 945315.00),
(69, 5, 2025, 6937020.00, 931794.00, 339362.00),
(69, 6, 2025, 7235962.00, 321130.00, 247738.00),
(69, 7, 2025, 6815743.00, 882631.00, 486902.00),
(69, 8, 2025, 7153050.00, 1270107.00, 507382.00),
(69, 9, 2025, 6610010.00, 1072871.00, 516840.00),
(69, 10, 2025, 7322880.00, 222851.00, 400958.00),
(69, 11, 2025, 6775769.00, 1097116.00, 245734.00),
(69, 12, 2025, 6668163.00, 82639.00, 427382.00),
(69, 1, 2026, 7004012.00, 693326.00, 262948.00),
(69, 2, 2026, 7450932.00, 231590.00, 441021.00),
(69, 3, 2026, 6594458.00, 1073123.00, 179346.00),
(69, 4, 2026, 6768322.00, 1351272.00, 261194.00),
(70, 5, 2025, 17552512.00, 418628.00, 726376.00),
(70, 6, 2025, 18209641.00, 1311588.00, 1253376.00),
(70, 7, 2025, 18295034.00, 192472.00, 380284.00),
(70, 8, 2025, 17844625.00, 1499578.00, 1277953.00),
(70, 9, 2025, 17597466.00, 1562890.00, 1078741.00),
(70, 10, 2025, 17978715.00, 1140150.00, 1168904.00),
(70, 11, 2025, 18180364.00, 3342480.00, 709760.00),
(70, 12, 2025, 17561495.00, 3541459.00, 694276.00),
(70, 1, 2026, 18006121.00, 3364942.00, 1278894.00),
(70, 2, 2026, 17876018.00, 2564223.00, 420432.00),
(70, 3, 2026, 17637002.00, 2026182.00, 1383667.00),
(70, 4, 2026, 17566412.00, 1097283.00, 1019004.00),
(71, 5, 2025, 35050311.00, 6438497.00, 1639460.00),
(71, 6, 2025, 35221673.00, 5876892.00, 1099474.00),
(71, 7, 2025, 35005339.00, 2900356.00, 2314289.00),
(71, 8, 2025, 35142686.00, 457733.00, 748842.00),
(71, 9, 2025, 34992085.00, 4159364.00, 1393754.00),
(71, 10, 2025, 34846968.00, 2333351.00, 911186.00);

INSERT INTO salaries (EmployeeID, SalaryMonth, SalaryYear, BaseSalary, Bonus, Deductions) VALUES
(71, 11, 2025, 34897030.00, 3382932.00, 1685661.00),
(71, 12, 2025, 35100870.00, 3758923.00, 1069182.00),
(71, 1, 2026, 35021533.00, 6251517.00, 774529.00),
(71, 2, 2026, 35084194.00, 4606174.00, 700711.00),
(71, 3, 2026, 35168507.00, 2555152.00, 1567597.00),
(71, 4, 2026, 34857411.00, 3047937.00, 927646.00),
(72, 5, 2025, 22304694.00, 3968932.00, 1201883.00),
(72, 6, 2025, 22296204.00, 1860149.00, 444607.00),
(72, 7, 2025, 22338769.00, 2449335.00, 1588590.00),
(72, 8, 2025, 21548001.00, 1377035.00, 1472684.00),
(72, 9, 2025, 21929088.00, 897258.00, 973283.00),
(72, 10, 2025, 22475402.00, 3295854.00, 892123.00),
(72, 11, 2025, 21613000.00, 3476829.00, 537518.00),
(72, 12, 2025, 22309652.00, 3779106.00, 1399211.00),
(72, 1, 2026, 21641176.00, 4184477.00, 449096.00),
(72, 2, 2026, 22480741.00, 3630676.00, 1667087.00),
(72, 3, 2026, 22454394.00, 1486481.00, 1653316.00),
(72, 4, 2026, 21608584.00, 3249793.00, 1699436.00),
(73, 5, 2025, 12903348.00, 1756007.00, 898576.00),
(73, 6, 2025, 12859513.00, 1233853.00, 734843.00),
(73, 7, 2025, 13234018.00, 2148719.00, 573433.00),
(73, 8, 2025, 13246454.00, 2321889.00, 923311.00),
(73, 9, 2025, 13249086.00, 1218778.00, 979964.00),
(73, 10, 2025, 13244904.00, 745800.00, 788370.00),
(73, 11, 2025, 13244858.00, 484044.00, 629348.00),
(73, 12, 2025, 13488464.00, 1751029.00, 966995.00),
(73, 1, 2026, 9371921.00, 1771616.00, 273390.00),
(73, 2, 2026, 9029559.00, 609544.00, 315642.00),
(73, 3, 2026, 8945962.00, 675011.00, 560538.00),
(73, 4, 2026, 9366108.00, 260184.00, 984141.00),
(74, 5, 2025, 7290200.00, 1134920.00, 156937.00),
(74, 6, 2025, 7410201.00, 1178358.00, 257601.00),
(74, 7, 2025, 6749136.00, 1071481.00, 551202.00),
(74, 8, 2025, 6549261.00, 800236.00, 343190.00),
(74, 9, 2025, 7078944.00, 112831.00, 146797.00),
(74, 10, 2025, 7411055.00, 929172.00, 258252.00),
(74, 11, 2025, 6885604.00, 1233933.00, 426583.00),
(74, 12, 2025, 7260127.00, 405794.00, 294233.00),
(74, 1, 2026, 6578086.00, 392118.00, 231118.00),
(74, 2, 2026, 6542608.00, 898646.00, 286335.00),
(74, 3, 2026, 7112353.00, 534807.00, 142959.00),
(74, 4, 2026, 6662325.00, 83761.00, 220584.00),
(75, 5, 2025, 18477673.00, 2622977.00, 991567.00),
(75, 6, 2025, 17576421.00, 3288466.00, 1026598.00),
(75, 7, 2025, 18045895.00, 285952.00, 1419356.00),
(75, 8, 2025, 17923013.00, 385647.00, 1092751.00),
(75, 9, 2025, 17847148.00, 1513295.00, 975670.00),
(75, 10, 2025, 18088602.00, 3454799.00, 378462.00),
(75, 11, 2025, 17752023.00, 2693851.00, 19527225.00),
(75, 12, 2025, 17836526.00, 1599592.00, 597762.00);

INSERT INTO salaries (EmployeeID, SalaryMonth, SalaryYear, BaseSalary, Bonus, Deductions) VALUES
(75, 1, 2026, 17796567.00, 103623.00, 1146344.00),
(75, 2, 2026, 17545981.00, 1243334.00, 763727.00),
(75, 3, 2026, 17600617.00, 702104.00, 375373.00),
(75, 4, 2026, 18160093.00, 3244639.00, 807060.00),
(76, 5, 2025, 34715565.00, 4511009.00, 2525519.00),
(76, 6, 2025, 34661223.00, 199254.00, 2626130.00),
(76, 7, 2025, 34576806.00, 455233.00, 1446553.00),
(76, 8, 2025, 35361530.00, 1909629.00, 1784848.00),
(76, 9, 2025, 34924094.00, 3632477.00, 2027095.00),
(76, 10, 2025, 35060814.00, 49483.00, 965237.00),
(76, 11, 2025, 35389455.00, 608924.00, 2200303.00),
(76, 12, 2025, 35219195.00, 2527912.00, 1062829.00),
(76, 1, 2026, 35362057.00, 5542547.00, 829264.00),
(76, 2, 2026, 34643006.00, 6264225.00, 2339941.00),
(76, 3, 2026, 34651074.00, 2500279.00, 2265022.00),
(76, 4, 2026, 34648241.00, 1033771.00, 875209.00),
(77, 5, 2025, 22063244.00, 714095.00, 1078983.00),
(77, 6, 2025, 22261200.00, 2884436.00, 884044.00),
(77, 7, 2025, 21649375.00, 1350183.00, 825860.00),
(77, 8, 2025, 21703765.00, 961523.00, 820335.00),
(77, 9, 2025, 22392744.00, 3869372.00, 1592730.00),
(77, 10, 2025, 21762865.00, 823781.00, 854014.00),
(78, 5, 2025, 12846922.00, 1497946.00, 394443.00),
(78, 6, 2025, 12798987.00, 2598437.00, 333199.00),
(78, 7, 2025, 12844295.00, 2585127.00, 951454.00),
(78, 8, 2025, 13093024.00, 2377591.00, 642199.00),
(78, 9, 2025, 12828429.00, 1032533.00, 492286.00),
(78, 10, 2025, 12790119.00, 1507793.00, 400829.00),
(78, 11, 2025, 13003268.00, 1941326.00, 726991.00),
(78, 12, 2025, 12614119.00, 737233.00, 936909.00),
(78, 1, 2026, 13400426.00, 587209.00, 824781.00),
(78, 2, 2026, 13157057.00, 320706.00, 1022760.00),
(78, 3, 2026, 13162308.00, 130838.00, 870156.00),
(78, 4, 2026, 12723095.00, 153747.00, 838388.00),
(79, 5, 2025, 7065892.00, 990073.00, 482836.00),
(79, 6, 2025, 7434740.00, 1236482.00, 524422.00),
(79, 7, 2025, 7035205.00, 189905.00, 348029.00),
(79, 8, 2025, 6750484.00, 1287726.00, 498697.00),
(79, 9, 2025, 6666956.00, 375694.00, 436934.00),
(79, 10, 2025, 6653300.00, 1013980.00, 328112.00),
(79, 11, 2025, 6743007.00, 131829.00, 278599.00),
(79, 12, 2025, 6716818.00, 1086084.00, 554953.00),
(79, 1, 2026, 6976728.00, 97386.00, 160921.00),
(79, 2, 2026, 7046699.00, 1328686.00, 283390.00),
(79, 3, 2026, 7097856.00, 364589.00, 337478.00),
(79, 4, 2026, 7185073.00, 163237.00, 410880.00),
(80, 5, 2025, 17733726.00, 2165820.00, 1211112.00),
(80, 6, 2025, 18005529.00, 2534244.00, 373836.00),
(80, 7, 2025, 17741162.00, 323331.00, 1439071.00),
(80, 8, 2025, 17695984.00, 660004.00, 1119636.00);

INSERT INTO salaries (EmployeeID, SalaryMonth, SalaryYear, BaseSalary, Bonus, Deductions) VALUES
(80, 9, 2025, 18193223.00, 966142.00, 1229507.00),
(80, 10, 2025, 18208029.00, 2008294.00, 1364580.00),
(80, 11, 2025, 18373846.00, 1723436.00, 407072.00),
(80, 12, 2025, 18121121.00, 675824.00, 642536.00),
(80, 1, 2026, 18100067.00, 615996.00, 477255.00),
(80, 2, 2026, 18041737.00, 1700607.00, 399049.00),
(80, 3, 2026, 17797223.00, 359655.00, 814229.00),
(80, 4, 2026, 18409432.00, 2020263.00, 717704.00),
(81, 5, 2025, 35333215.00, 4887590.00, 1462877.00),
(81, 6, 2025, 34675868.00, 6074919.00, 2137267.00),
(81, 7, 2025, 34740977.00, 3172666.00, 2316744.00),
(81, 8, 2025, 35048102.00, 4230874.00, 2460747.00),
(81, 9, 2025, 34998985.00, 5156881.00, 863731.00),
(81, 10, 2025, 34597716.00, 4045330.00, 1246638.00),
(81, 11, 2025, 35440540.00, 6500084.00, 38984594.00),
(81, 12, 2025, 35417319.00, 364386.00, 2499172.00),
(81, 1, 2026, 34899755.00, 2940356.00, 1109854.00),
(81, 2, 2026, 35303061.00, 1950459.00, 1051556.00),
(81, 3, 2026, 34928497.00, 2162624.00, 1492811.00),
(81, 4, 2026, 34507459.00, 4848507.00, 1194208.00),
(82, 5, 2025, 21715397.00, 2649975.00, 1297410.00),
(82, 6, 2025, 22183226.00, 2127625.00, 987991.00),
(82, 7, 2025, 22141603.00, 2311569.00, 1273521.00),
(82, 8, 2025, 22084646.00, 4047232.00, 814802.00),
(82, 9, 2025, 21766105.00, 2572392.00, 1651422.00),
(82, 10, 2025, 21644775.00, 998963.00, 921865.00),
(82, 11, 2025, 21605149.00, 1799005.00, 1506073.00),
(82, 12, 2025, 22143852.00, 436650.00, 777092.00),
(82, 1, 2026, 21595513.00, 1219103.00, 1429160.00),
(82, 2, 2026, 21775871.00, 1860343.00, 1217697.00),
(82, 3, 2026, 21902995.00, 3360852.00, 1727579.00),
(82, 4, 2026, 22126495.00, 482034.00, 807570.00),
(83, 5, 2025, 12711505.00, 2173292.00, 559899.00),
(83, 6, 2025, 13035348.00, 2163479.00, 992377.00),
(83, 7, 2025, 12537812.00, 1508858.00, 510878.00),
(83, 8, 2025, 12591061.00, 1157363.00, 678836.00),
(83, 9, 2025, 13114549.00, 840162.00, 802892.00),
(83, 10, 2025, 13463827.00, 378183.00, 836289.00),
(83, 11, 2025, 13459456.00, 2444995.00, 625004.00),
(83, 12, 2025, 12703974.00, 1907397.00, 683579.00),
(83, 1, 2026, 9048837.00, 2123316.00, 371636.00),
(83, 2, 2026, 8965981.00, 1425920.00, 382692.00),
(83, 3, 2026, 8939147.00, 2256130.00, 862819.00),
(83, 4, 2026, 9026777.00, 2362100.00, 767122.00),
(84, 5, 2025, 6856160.00, 962274.00, 497351.00),
(84, 6, 2025, 7005382.00, 243832.00, 275171.00),
(84, 7, 2025, 6731087.00, 482198.00, 559515.00),
(84, 8, 2025, 7041593.00, 1123343.00, 145097.00),
(84, 9, 2025, 6597527.00, 836618.00, 493211.00),
(84, 10, 2025, 7476639.00, 374311.00, 389852.00);

INSERT INTO salaries (EmployeeID, SalaryMonth, SalaryYear, BaseSalary, Bonus, Deductions) VALUES
(84, 11, 2025, 7101581.00, 564292.00, 235831.00),
(84, 12, 2025, 6699405.00, 1046477.00, 526459.00),
(84, 1, 2026, 7415136.00, 556595.00, 248411.00),
(84, 2, 2026, 7376960.00, 1297291.00, 326660.00),
(84, 3, 2026, 6582300.00, 1391301.00, 398298.00),
(84, 4, 2026, 7067776.00, 88632.00, 392859.00),
(85, 5, 2025, 18441748.00, 2409708.00, 936156.00),
(85, 6, 2025, 18460502.00, 2143849.00, 947761.00),
(85, 7, 2025, 17634475.00, 227113.00, 1247464.00),
(85, 8, 2025, 17864158.00, 1651368.00, 726582.00),
(85, 9, 2025, 17982418.00, 1323937.00, 377655.00),
(85, 10, 2025, 18109231.00, 422567.00, 1042489.00),
(86, 5, 2025, 34696243.00, 4601683.00, 1802468.00),
(86, 6, 2025, 35142865.00, 2878101.00, 2234797.00),
(86, 7, 2025, 34939450.00, 5878003.00, 2261579.00),
(86, 8, 2025, 34688627.00, 4793332.00, 1250037.00),
(86, 9, 2025, 34604721.00, 6046638.00, 1832248.00),
(86, 10, 2025, 34899385.00, 1644697.00, 1311712.00),
(86, 11, 2025, 34510215.00, 1481489.00, 2467985.00),
(86, 12, 2025, 35390649.00, 5290292.00, 2024256.00),
(86, 1, 2026, 35400204.00, 4763341.00, 900107.00),
(86, 2, 2026, 34562952.00, 1807470.00, 1766568.00),
(86, 3, 2026, 35280762.00, 2807302.00, 1789550.00),
(86, 4, 2026, 35477109.00, 6794905.00, 1780934.00),
(87, 5, 2025, 21868145.00, 1668981.00, 1649750.00),
(87, 6, 2025, 21683017.00, 2387471.00, 1184717.00),
(87, 7, 2025, 22312378.00, 3749121.00, 604432.00),
(87, 8, 2025, 55405995.00, 1215075.00, 791431.00),
(87, 9, 2025, 22142053.00, 3395479.00, 589619.00),
(87, 10, 2025, 21828709.00, 2658167.00, 1051018.00),
(87, 11, 2025, 21914664.00, 2275393.00, 1373019.00),
(87, 12, 2025, 21972161.00, 3472791.00, 790891.00),
(87, 1, 2026, 21746024.00, 2110968.00, 607907.00),
(87, 2, 2026, 21600195.00, 535129.00, 1432342.00),
(87, 3, 2026, 21916297.00, 4395486.00, 614590.00),
(87, 4, 2026, 21588406.00, 3270267.00, 1088797.00),
(88, 5, 2025, 12964687.00, 530209.00, 397654.00),
(88, 6, 2025, 13195781.00, 1496700.00, 600998.00),
(88, 7, 2025, 13066843.00, 1142588.00, 835191.00),
(88, 8, 2025, 13231510.00, 2261936.00, 445636.00),
(88, 9, 2025, 13285290.00, 2365522.00, 716106.00),
(88, 10, 2025, 12824703.00, 1456129.00, 765048.00),
(88, 11, 2025, 12963324.00, 1291292.00, 643551.00),
(88, 12, 2025, 12511068.00, 387.00, 808736.00),
(88, 1, 2026, 13061091.00, 34884.00, 981179.00),
(88, 2, 2026, 13303072.00, 1805376.00, 567151.00),
(88, 3, 2026, 13074842.00, 1567176.00, 457731.00),
(88, 4, 2026, 12762035.00, 684801.00, 1009666.00),
(89, 5, 2025, 6896737.00, 462615.00, 277877.00),
(89, 6, 2025, 7041704.00, 1286007.00, 503816.00);

INSERT INTO salaries (EmployeeID, SalaryMonth, SalaryYear, BaseSalary, Bonus, Deductions) VALUES
(89, 7, 2025, 7279015.00, 1115567.00, 280940.00),
(89, 8, 2025, 6691267.00, 286521.00, 291831.00),
(89, 9, 2025, 6974760.00, 570706.00, 507249.00),
(89, 10, 2025, 6520337.00, 319080.00, 166021.00),
(89, 11, 2025, 6607241.00, 591637.00, 281135.00),
(89, 12, 2025, 6508602.00, 488239.00, 187289.00),
(89, 1, 2026, 6858521.00, 881313.00, 303355.00),
(89, 2, 2026, 7329868.00, 66557.00, 313145.00),
(89, 3, 2026, 7313331.00, 822968.00, 177426.00),
(89, 4, 2026, 7439208.00, 524454.00, 340056.00),
(90, 5, 2025, 18249398.00, 1044223.00, 1166979.00),
(90, 6, 2025, 17535138.00, 835420.00, 1326440.00),
(90, 7, 2025, 17718572.00, 1983174.00, 1176049.00),
(90, 8, 2025, 17666316.00, 2638906.00, 448470.00),
(90, 9, 2025, 17765617.00, 2018423.00, 986656.00),
(90, 10, 2025, 18405610.00, 2796320.00, 816735.00),
(90, 11, 2025, 17840277.00, 63198.00, 710980.00),
(90, 12, 2025, 18327477.00, 1019590.00, 378727.00),
(90, 1, 2026, 17998357.00, 2887386.00, 685041.00),
(90, 2, 2026, 18024203.00, 383365.00, 1069722.00),
(90, 3, 2026, 18175885.00, 645580.00, 585216.00),
(90, 4, 2026, 18085472.00, 3307468.00, 1088378.00),
(91, 5, 2025, 35222730.00, 3168955.00, 2202263.00),
(91, 6, 2025, 34541406.00, 4071009.00, 2535008.00),
(91, 7, 2025, 35013898.00, 1591955.00, 1482769.00),
(91, 8, 2025, 34991147.00, 2309588.00, 1372529.00),
(91, 9, 2025, 34810035.00, 6873781.00, 1804566.00),
(91, 10, 2025, 35313608.00, 5352150.00, 2289823.00),
(91, 11, 2025, 35149838.00, 3054084.00, 1701543.00),
(91, 12, 2025, 35065136.00, 6870687.00, 2325254.00),
(91, 1, 2026, 35302930.00, 4626047.00, 1346474.00),
(91, 2, 2026, 35172036.00, 2701333.00, 1163320.00),
(91, 3, 2026, 34545903.00, 1088625.00, 1449265.00),
(91, 4, 2026, 34700924.00, 828405.00, 833450.00),
(92, 5, 2025, 22189880.00, 4109659.00, 1542727.00),
(92, 6, 2025, 21551470.00, 3073200.00, 902889.00),
(92, 7, 2025, 22475396.00, 1751022.00, 1470552.00),
(92, 8, 2025, 21563648.00, 3027667.00, 1610252.00),
(92, 9, 2025, 22332831.00, 489056.00, 1733802.00),
(92, 10, 2025, 21573807.00, 2549336.00, 603442.00),
(92, 11, 2025, 22260397.00, 1937919.00, 24486436.00),
(92, 12, 2025, 22051752.00, 2086775.00, 1635434.00),
(92, 1, 2026, 22085253.00, 3482820.00, 661279.00),
(92, 2, 2026, 21981003.00, 3582564.00, 658318.00),
(92, 3, 2026, 22029208.00, 2831263.00, 771720.00),
(92, 4, 2026, 21869438.00, 2643711.00, 1593604.00),
(93, 5, 2025, 13164001.00, 1806017.00, 1021127.00),
(93, 6, 2025, 13072130.00, 897279.00, 653282.00),
(93, 7, 2025, 12974379.00, 1876950.00, 676379.00),
(93, 8, 2025, 12798301.00, 2498810.00, 277094.00);

INSERT INTO salaries (EmployeeID, SalaryMonth, SalaryYear, BaseSalary, Bonus, Deductions) VALUES
(93, 9, 2025, 12816503.00, 27551.00, 574922.00),
(93, 10, 2025, 12522755.00, 1157448.00, 840557.00),
(93, 11, 2025, 13099378.00, 648920.00, 358867.00),
(93, 12, 2025, 12645131.00, 1111440.00, 644914.00),
(93, 1, 2026, 9345330.00, 1259559.00, 356369.00),
(93, 2, 2026, 9423727.00, 911998.00, 1029933.00),
(93, 3, 2026, 9331994.00, 2023890.00, 441301.00),
(93, 4, 2026, 9256164.00, 2416894.00, 359996.00),
(94, 5, 2025, 6539186.00, 1208554.00, 340040.00),
(94, 6, 2025, 6850632.00, 729662.00, 367700.00),
(94, 7, 2025, 6737730.00, 1368977.00, 455779.00),
(94, 8, 2025, 6901066.00, 113514.00, 299794.00),
(94, 9, 2025, 7092354.00, 313692.00, 311353.00),
(94, 10, 2025, 6552973.00, 823934.00, 373631.00),
(94, 11, 2025, 6732873.00, 905834.00, 291929.00),
(94, 12, 2025, 6586554.00, 997939.00, 439599.00),
(94, 1, 2026, 6775311.00, 178423.00, 348942.00),
(94, 2, 2026, 6636708.00, 282844.00, 392141.00),
(94, 3, 2026, 7183932.00, 1198167.00, 242812.00),
(94, 4, 2026, 7049713.00, 516414.00, 267042.00),
(95, 5, 2025, 17839121.00, 2871999.00, 547893.00),
(95, 6, 2025, 17883010.00, 1460909.00, 759485.00),
(95, 7, 2025, 17525382.00, 3228277.00, 999251.00),
(95, 8, 2025, 18341792.00, 1854763.00, 665803.00),
(95, 9, 2025, 17744831.00, 837540.00, 1143959.00),
(95, 10, 2025, 17617830.00, 3102030.00, 474374.00),
(95, 11, 2025, 18410952.00, 3491526.00, 963319.00),
(95, 12, 2025, 17616683.00, 1279757.00, 1303847.00),
(95, 1, 2026, 18275959.00, 2256558.00, 804334.00),
(95, 2, 2026, 17771222.00, 2301834.00, 1372979.00),
(95, 3, 2026, 18228834.00, 2930791.00, 398563.00),
(95, 4, 2026, 18052388.00, 182376.00, 895730.00),
(96, 5, 2025, 35327524.00, 5842889.00, 1837836.00),
(96, 6, 2025, 34508739.00, 558662.00, 2330095.00),
(96, 7, 2025, 35457212.00, 5537323.00, 2210868.00),
(96, 8, 2025, 35426314.00, 5447655.00, 2321195.00),
(96, 9, 2025, 35244162.00, 835536.00, 2023118.00),
(96, 10, 2025, 34695472.00, 1668286.00, 2799881.00),
(96, 11, 2025, 34522532.00, 333467.00, 1737637.00),
(96, 12, 2025, 34912509.00, 6244401.00, 1358527.00),
(96, 1, 2026, 34872640.00, 5244817.00, 1968048.00),
(96, 2, 2026, 34565021.00, 5249526.00, 1780785.00),
(96, 3, 2026, 35495220.00, 2350436.00, 1646162.00),
(96, 4, 2026, 35188842.00, 1151426.00, 1068238.00),
(97, 5, 2025, 22210929.00, 1907804.00, 1315211.00),
(97, 6, 2025, 21827557.00, 2762240.00, 1381976.00),
(97, 7, 2025, 21645308.00, 1697101.00, 729636.00),
(97, 8, 2025, 22049249.00, 1134580.00, 1341910.00),
(97, 9, 2025, 22461661.00, 1325802.00, 1105837.00),
(97, 10, 2025, 22254388.00, 993104.00, 826159.00);

INSERT INTO salaries (EmployeeID, SalaryMonth, SalaryYear, BaseSalary, Bonus, Deductions) VALUES
(98, 5, 2025, 13302616.00, 1336672.00, 694152.00),
(98, 6, 2025, 13479127.00, 1148384.00, 419338.00),
(98, 7, 2025, 12527470.00, 2566836.00, 906915.00),
(98, 8, 2025, 12742128.00, 2501318.00, 503461.00),
(98, 9, 2025, 12583336.00, 1999014.00, 400600.00),
(98, 10, 2025, 13181121.00, 1568499.00, 452913.00),
(98, 11, 2025, 12671742.00, 810590.00, 497264.00),
(98, 12, 2025, 12515743.00, 1131869.00, 693108.00),
(98, 1, 2026, 12712686.00, 857995.00, 329348.00),
(98, 2, 2026, 13013742.00, 1362711.00, 739770.00),
(98, 3, 2026, 12543858.00, 2549843.00, 1031051.00),
(98, 4, 2026, 13141209.00, 2398866.00, 882650.00),
(99, 5, 2025, 7238315.00, 80765.00, 412970.00),
(99, 6, 2025, 7420405.00, 88952.00, 268828.00),
(99, 7, 2025, 7270881.00, 82316.00, 432395.00),
(99, 8, 2025, 6551690.00, 398145.00, 292661.00),
(99, 9, 2025, 7311259.00, 599606.00, 381878.00),
(99, 10, 2025, 7463675.00, 114392.00, 501734.00),
(99, 11, 2025, 7177486.00, 947279.00, 187417.00),
(99, 12, 2025, 7316558.00, 1227772.00, 504964.00),
(99, 1, 2026, 6839173.00, 945576.00, 153061.00),
(99, 2, 2026, 7247251.00, 423482.00, 378384.00),
(99, 3, 2026, 7180081.00, 343920.00, 516635.00),
(99, 4, 2026, 7240532.00, 942456.00, 472436.00),
(100, 5, 2025, 17902744.00, 3048729.00, 1433042.00),
(100, 6, 2025, 17899095.00, 184155.00, 718371.00),
(100, 7, 2025, 18404577.00, 629521.00, 699998.00),
(100, 8, 2025, 43884505.00, 1759853.00, 1006053.00),
(100, 9, 2025, 17967935.00, 1211233.00, 738947.00),
(100, 10, 2025, 17503704.00, 2611207.00, 890812.00),
(100, 11, 2025, 18022864.00, 2279609.00, 19825150.00),
(100, 12, 2025, 17749433.00, 909634.00, 1357640.00),
(100, 1, 2026, 18130421.00, 2517010.00, 373784.00),
(100, 2, 2026, 18159172.00, 2338528.00, 795447.00),
(100, 3, 2026, 18185010.00, 1463895.00, 437009.00),
(100, 4, 2026, 18378721.00, 2530362.00, 985877.00),
(101, 5, 2025, 34937211.00, 1495255.00, 1376688.00),
(101, 6, 2025, 35225104.00, 5870740.00, 1444150.00),
(101, 7, 2025, 35476727.00, 300648.00, 1090599.00),
(101, 8, 2025, 34897346.00, 6880879.00, 983814.00),
(101, 9, 2025, 34993687.00, 1128651.00, 1211802.00),
(101, 10, 2025, 34933856.00, 4401051.00, 1580155.00),
(101, 11, 2025, 34614611.00, 4792974.00, 1067713.00),
(101, 12, 2025, 35479256.00, 6611773.00, 1904550.00),
(101, 1, 2026, 34772273.00, 4407301.00, 2184168.00),
(101, 2, 2026, 35044951.00, 6116844.00, 2787677.00),
(101, 3, 2026, 34744026.00, 5944059.00, 1918395.00),
(101, 4, 2026, 34987467.00, 5246744.00, 1194616.00),
(102, 5, 2025, 21934773.00, 3473228.00, 535404.00),
(102, 6, 2025, 22168470.00, 1781219.00, 463692.00);

INSERT INTO salaries (EmployeeID, SalaryMonth, SalaryYear, BaseSalary, Bonus, Deductions) VALUES
(102, 7, 2025, 21766776.00, 569050.00, 1085445.00),
(102, 8, 2025, 22304291.00, 51432.00, 678732.00),
(102, 9, 2025, 22259584.00, 244254.00, 808320.00),
(102, 10, 2025, 22467080.00, 4019051.00, 1435099.00),
(102, 11, 2025, 21662934.00, 3863943.00, 1566102.00),
(102, 12, 2025, 21934061.00, 469948.00, 1532769.00),
(102, 1, 2026, 21830828.00, 157021.00, 876758.00),
(102, 2, 2026, 22460691.00, 2966174.00, 578858.00),
(102, 3, 2026, 21855627.00, 3147747.00, 1753888.00),
(102, 4, 2026, 21908489.00, 1571848.00, 1688207.00),
(103, 5, 2025, 12829776.00, 132658.00, 544685.00),
(103, 6, 2025, 12749185.00, 1558534.00, 733858.00),
(103, 7, 2025, 12683514.00, 470732.00, 652393.00),
(103, 8, 2025, 12965330.00, 2122295.00, 286146.00),
(103, 9, 2025, 12856637.00, 2027828.00, 1028020.00),
(103, 10, 2025, 12650255.00, 412096.00, 801218.00),
(103, 11, 2025, 12538328.00, 1926730.00, 666415.00),
(103, 12, 2025, 12826087.00, 184675.00, 980426.00),
(103, 1, 2026, 13432378.00, 193524.00, 368111.00),
(103, 2, 2026, 12523572.00, 2422461.00, 587305.00),
(103, 3, 2026, 12701898.00, 1201950.00, 550088.00),
(103, 4, 2026, 13203724.00, 493463.00, 545898.00),
(104, 5, 2025, 6515997.00, 1306410.00, 433405.00),
(104, 6, 2025, 6867335.00, 1152103.00, 306977.00),
(104, 7, 2025, 7343058.00, 594055.00, 440984.00),
(104, 8, 2025, 7143052.00, 710386.00, 423418.00),
(104, 9, 2025, 6993602.00, 105813.00, 195536.00),
(104, 10, 2025, 6910954.00, 375354.00, 509454.00),
(104, 11, 2025, 7223648.00, 934986.00, 463126.00),
(104, 12, 2025, 6707772.00, 1118798.00, 181180.00),
(104, 1, 2026, 5146635.00, 982045.00, 190993.00),
(104, 2, 2026, 5023004.00, 976007.00, 386701.00),
(104, 3, 2026, 4655492.00, 1293821.00, 275293.00),
(104, 4, 2026, 5063519.00, 1394984.00, 313186.00),
(105, 5, 2025, 17840536.00, 1901206.00, 1382375.00),
(105, 6, 2025, 17868512.00, 2007612.00, 1327293.00),
(105, 7, 2025, 18133801.00, 2410375.00, 627164.00),
(105, 8, 2025, 18248969.00, 3341844.00, 584356.00),
(105, 9, 2025, 18330924.00, 1267175.00, 1326734.00),
(105, 10, 2025, 18151034.00, 1022114.00, 693489.00);


-- ============================================================
-- PHẦN 3: CHẤM CÔNG 12 THÁNG (5/2025 → 4/2026)
-- ============================================================

INSERT INTO attendance (EmployeeID, AttendanceMonth, AttendanceYear, WorkDays, LeaveDays, AbsentDays, OvertimeHours) VALUES
(1, 5, 2025, 22, 0, 0, 3.7),
(1, 6, 2025, 18, 2, 2, 11.2),
(1, 7, 2025, 19, 1, 2, 13.0),
(1, 8, 2025, 19, 1, 2, 5.4),
(1, 9, 2025, 22, 0, 0, 6.1),
(1, 10, 2025, 19, 1, 2, 12.9),
(1, 11, 2025, 21, 0, 1, 8.8),
(1, 12, 2025, 20, 0, 2, 11.3),
(1, 1, 2026, 21, 0, 1, 13.7),
(1, 2, 2026, 20, 1, 1, 10.2),
(2, 5, 2025, 21, 0, 1, 10.7),
(2, 6, 2025, 20, 0, 2, 8.5),
(2, 7, 2025, 20, 1, 1, 15.8),
(2, 8, 2025, 19, 1, 2, 13.5),
(2, 9, 2025, 21, 1, 0, 6.4),
(2, 10, 2025, 19, 1, 2, 3.4),
(2, 11, 2025, 21, 0, 1, 4.2),
(2, 12, 2025, 19, 2, 1, 9.4),
(2, 1, 2026, 21, 0, 1, 16.0),
(2, 2, 2026, 22, 0, 0, 13.8),
(3, 5, 2025, 20, 0, 2, 6.2),
(3, 6, 2025, 19, 2, 1, 13.8),
(3, 7, 2025, 19, 2, 1, 5.4),
(3, 8, 2025, 21, 0, 1, 15.3),
(3, 9, 2025, 20, 2, 0, 14.6),
(3, 10, 2025, 20, 0, 2, 2.4),
(3, 11, 2025, 20, 0, 2, 9.6),
(3, 12, 2025, 20, 1, 1, 3.8),
(3, 1, 2026, 19, 1, 2, 13.1),
(3, 2, 2026, 19, 1, 2, 15.1),
(4, 5, 2025, 19, 1, 2, 15.4),
(4, 6, 2025, 20, 0, 2, 11.4),
(4, 7, 2025, 19, 1, 2, 1.9),
(4, 8, 2025, 20, 2, 0, 8.9),
(4, 9, 2025, 20, 2, 0, 10.1),
(4, 10, 2025, 21, 0, 1, 8.2),
(4, 11, 2025, 20, 0, 2, 11.6),
(4, 12, 2025, 21, 0, 1, 12.6),
(4, 1, 2026, 22, 0, 0, 10.5),
(4, 2, 2026, 19, 2, 1, 0.9),
(5, 5, 2025, 19, 2, 1, 5.4),
(5, 6, 2025, 22, 0, 0, 8.6),
(5, 7, 2025, 20, 1, 1, 4.0),
(5, 8, 2025, 20, 0, 2, 0.8),
(5, 9, 2025, 22, 0, 0, 6.5),
(5, 10, 2025, 22, 0, 0, 6.1),
(5, 11, 2025, 20, 1, 1, 11.1),
(5, 12, 2025, 19, 1, 2, 2.5),
(5, 1, 2026, 18, 2, 2, 8.7),
(5, 2, 2026, 20, 2, 0, 7.6);

INSERT INTO attendance (EmployeeID, AttendanceMonth, AttendanceYear, WorkDays, LeaveDays, AbsentDays, OvertimeHours) VALUES
(6, 5, 2025, 20, 2, 0, 1.3),
(6, 6, 2025, 20, 0, 2, 6.5),
(6, 7, 2025, 18, 2, 2, 0.6),
(6, 8, 2025, 21, 0, 1, 10.7),
(6, 9, 2025, 21, 0, 1, 10.7),
(6, 10, 2025, 22, 0, 0, 7.3),
(6, 11, 2025, 20, 0, 2, 8.1),
(6, 12, 2025, 21, 1, 0, 4.6),
(6, 1, 2026, 18, 2, 2, 8.5),
(6, 2, 2026, 20, 0, 2, 15.0),
(6, 3, 2026, 20, 2, 0, 8.9),
(6, 4, 2026, 19, 1, 2, 3.3),
(7, 5, 2025, 20, 1, 1, 14.5),
(7, 6, 2025, 19, 1, 2, 13.3),
(7, 7, 2025, 20, 2, 0, 15.7),
(7, 8, 2025, 19, 1, 2, 9.0),
(7, 9, 2025, 20, 0, 2, 13.4),
(7, 10, 2025, 22, 0, 0, 4.9),
(7, 11, 2025, 20, 2, 0, 4.0),
(7, 12, 2025, 19, 2, 1, 12.0),
(7, 1, 2026, 21, 1, 0, 0.4),
(7, 2, 2026, 18, 2, 2, 13.0),
(7, 3, 2026, 21, 0, 1, 13.7),
(7, 4, 2026, 20, 1, 1, 13.1),
(8, 5, 2025, 20, 2, 0, 3.1),
(8, 6, 2025, 20, 1, 1, 10.3),
(8, 7, 2025, 22, 0, 0, 14.0),
(8, 8, 2025, 21, 0, 1, 1.7),
(8, 9, 2025, 20, 1, 1, 9.7),
(8, 10, 2025, 20, 0, 2, 4.1),
(8, 11, 2025, 18, 2, 2, 11.0),
(8, 12, 2025, 21, 0, 1, 15.2),
(8, 1, 2026, 19, 2, 1, 13.6),
(8, 2, 2026, 19, 2, 1, 6.5),
(8, 3, 2026, 22, 0, 0, 6.7),
(8, 4, 2026, 20, 0, 2, 9.8),
(9, 5, 2025, 21, 1, 0, 4.6),
(9, 6, 2025, 19, 1, 2, 7.4),
(9, 7, 2025, 19, 2, 1, 2.7),
(9, 8, 2025, 18, 2, 2, 9.9),
(9, 9, 2025, 21, 0, 1, 12.9),
(9, 10, 2025, 21, 1, 0, 9.8),
(9, 11, 2025, 19, 2, 1, 9.2),
(9, 12, 2025, 21, 0, 1, 2.4),
(9, 1, 2026, 21, 1, 0, 3.5),
(9, 2, 2026, 20, 2, 0, 4.0),
(9, 3, 2026, 21, 1, 0, 10.7),
(9, 4, 2026, 19, 2, 1, 13.0),
(10, 5, 2025, 19, 1, 2, 14.4),
(10, 6, 2025, 21, 0, 1, 13.4);

INSERT INTO attendance (EmployeeID, AttendanceMonth, AttendanceYear, WorkDays, LeaveDays, AbsentDays, OvertimeHours) VALUES
(10, 7, 2025, 20, 0, 2, 4.4),
(10, 8, 2025, 21, 1, 0, 5.4),
(10, 9, 2025, 22, 0, 0, 3.7),
(10, 10, 2025, 21, 1, 0, 6.5),
(10, 11, 2025, 22, 0, 0, 13.3),
(10, 12, 2025, 19, 1, 2, 7.6),
(10, 1, 2026, 20, 1, 1, 8.6),
(10, 2, 2026, 21, 0, 1, 4.4),
(10, 3, 2026, 19, 2, 1, 10.9),
(10, 4, 2026, 21, 0, 1, 15.7),
(11, 5, 2025, 18, 2, 2, 10.6),
(11, 6, 2025, 21, 1, 0, 2.9),
(11, 7, 2025, 21, 1, 0, 5.2),
(11, 8, 2025, 20, 1, 1, 13.4),
(11, 9, 2025, 21, 0, 1, 10.4),
(11, 10, 2025, 22, 0, 0, 3.2),
(11, 11, 2025, 22, 0, 0, 7.6),
(11, 12, 2025, 19, 2, 1, 4.1),
(11, 1, 2026, 21, 1, 0, 1.7),
(11, 2, 2026, 19, 2, 1, 3.2),
(11, 3, 2026, 20, 2, 0, 12.4),
(11, 4, 2026, 20, 0, 2, 5.6),
(12, 5, 2025, 18, 2, 2, 5.5),
(12, 6, 2025, 21, 1, 0, 15.4),
(12, 7, 2025, 21, 0, 1, 11.7),
(12, 8, 2025, 19, 1, 2, 7.4),
(12, 9, 2025, 22, 0, 0, 4.5),
(12, 10, 2025, 18, 2, 2, 10.7),
(12, 11, 2025, 21, 0, 1, 7.8),
(12, 12, 2025, 19, 2, 1, 11.2),
(12, 1, 2026, 22, 0, 0, 3.9),
(12, 2, 2026, 20, 2, 0, 7.6),
(12, 3, 2026, 22, 0, 0, 4.7),
(12, 4, 2026, 18, 2, 2, 5.9),
(13, 5, 2025, 19, 2, 1, 8.8),
(13, 6, 2025, 20, 1, 1, 3.7),
(13, 7, 2025, 20, 2, 0, 8.6),
(13, 8, 2025, 20, 2, 0, 7.7),
(13, 9, 2025, 19, 1, 2, 15.7),
(13, 10, 2025, 21, 1, 0, 2.9),
(13, 11, 2025, 21, 0, 1, 15.6),
(13, 12, 2025, 20, 2, 0, 13.9),
(13, 1, 2026, 19, 1, 2, 7.5),
(13, 2, 2026, 21, 1, 0, 15.1),
(13, 3, 2026, 20, 1, 1, 1.2),
(13, 4, 2026, 20, 2, 0, 15.2),
(14, 5, 2025, 19, 1, 2, 9.7),
(14, 6, 2025, 19, 1, 2, 7.2),
(14, 7, 2025, 20, 1, 1, 9.1),
(14, 8, 2025, 22, 0, 0, 10.0);

INSERT INTO attendance (EmployeeID, AttendanceMonth, AttendanceYear, WorkDays, LeaveDays, AbsentDays, OvertimeHours) VALUES
(14, 9, 2025, 22, 0, 0, 2.8),
(14, 10, 2025, 20, 1, 1, 11.0),
(14, 11, 2025, 21, 1, 0, 11.3),
(14, 12, 2025, 20, 0, 2, 14.8),
(14, 1, 2026, 20, 0, 2, 6.8),
(14, 2, 2026, 21, 1, 0, 13.2),
(14, 3, 2026, 19, 2, 1, 12.0),
(14, 4, 2026, 21, 1, 0, 11.0),
(15, 5, 2025, 18, 2, 2, 7.9),
(15, 6, 2025, 19, 2, 1, 5.2),
(15, 7, 2025, 20, 2, 0, 13.4),
(15, 8, 2025, 19, 1, 2, 9.2),
(15, 9, 2025, 19, 2, 1, 10.4),
(15, 10, 2025, 19, 1, 2, 10.2),
(15, 11, 2025, 20, 1, 1, 5.3),
(15, 12, 2025, 20, 1, 1, 11.1),
(15, 1, 2026, 20, 0, 2, 7.3),
(15, 2, 2026, 21, 1, 0, 13.8),
(15, 3, 2026, 21, 0, 1, 3.0),
(15, 4, 2026, 19, 1, 2, 12.2),
(16, 5, 2025, 20, 1, 1, 14.1),
(16, 6, 2025, 18, 2, 2, 12.8),
(16, 7, 2025, 20, 0, 2, 8.8),
(16, 8, 2025, 21, 0, 1, 10.4),
(16, 9, 2025, 18, 2, 2, 4.4),
(16, 10, 2025, 21, 1, 0, 8.8),
(16, 11, 2025, 21, 1, 0, 12.4),
(16, 12, 2025, 19, 1, 2, 13.1),
(16, 1, 2026, 18, 2, 2, 16.0),
(16, 2, 2026, 19, 1, 2, 5.5),
(16, 3, 2026, 20, 1, 1, 13.9),
(16, 4, 2026, 21, 1, 0, 0.7),
(17, 5, 2025, 19, 2, 1, 12.7),
(17, 6, 2025, 22, 0, 0, 8.0),
(17, 7, 2025, 21, 0, 1, 8.4),
(17, 8, 2025, 19, 2, 1, 15.5),
(17, 9, 2025, 19, 2, 1, 11.1),
(17, 10, 2025, 18, 2, 2, 6.1),
(17, 11, 2025, 14, 0, 8, 9.9),
(17, 12, 2025, 20, 0, 2, 6.9),
(17, 1, 2026, 20, 2, 0, 4.8),
(17, 2, 2026, 21, 1, 0, 5.7),
(17, 3, 2026, 19, 1, 2, 9.1),
(17, 4, 2026, 22, 0, 0, 9.8),
(18, 5, 2025, 21, 1, 0, 14.6),
(18, 6, 2025, 19, 1, 2, 7.4),
(18, 7, 2025, 19, 2, 1, 8.7),
(18, 8, 2025, 19, 1, 2, 10.2),
(18, 9, 2025, 21, 0, 1, 16.0),
(18, 10, 2025, 21, 1, 0, 9.2);

INSERT INTO attendance (EmployeeID, AttendanceMonth, AttendanceYear, WorkDays, LeaveDays, AbsentDays, OvertimeHours) VALUES
(18, 11, 2025, 21, 0, 1, 15.6),
(18, 12, 2025, 20, 2, 0, 13.8),
(18, 1, 2026, 19, 1, 2, 13.3),
(18, 2, 2026, 19, 1, 2, 3.5),
(18, 3, 2026, 18, 2, 2, 10.9),
(18, 4, 2026, 20, 0, 2, 4.9),
(19, 5, 2025, 19, 2, 1, 2.1),
(19, 6, 2025, 19, 1, 2, 2.8),
(19, 7, 2025, 18, 2, 2, 14.6),
(19, 8, 2025, 20, 1, 1, 11.9),
(19, 9, 2025, 22, 0, 0, 12.1),
(19, 10, 2025, 21, 0, 1, 12.7),
(19, 11, 2025, 14, 0, 8, 7.3),
(19, 12, 2025, 19, 2, 1, 15.0),
(19, 1, 2026, 12, 10, 0, 9.9),
(19, 2, 2026, 3, 19, 0, 3.5),
(19, 3, 2026, 1, 21, 0, 4.8),
(19, 4, 2026, 12, 10, 0, 15.1),
(20, 5, 2025, 22, 0, 0, 14.2),
(20, 6, 2025, 19, 2, 1, 15.2),
(20, 7, 2025, 18, 2, 2, 11.6),
(20, 8, 2025, 19, 2, 1, 6.5),
(20, 9, 2025, 19, 1, 2, 3.5),
(20, 10, 2025, 20, 2, 0, 5.9),
(20, 11, 2025, 21, 1, 0, 4.4),
(20, 12, 2025, 20, 2, 0, 3.4),
(20, 1, 2026, 21, 1, 0, 3.9),
(20, 2, 2026, 20, 2, 0, 3.3),
(20, 3, 2026, 21, 0, 1, 12.6),
(20, 4, 2026, 22, 0, 0, 8.6),
(21, 5, 2025, 20, 0, 2, 2.1),
(21, 6, 2025, 19, 1, 2, 0.3),
(21, 7, 2025, 19, 1, 2, 8.4),
(21, 8, 2025, 20, 1, 1, 8.2),
(21, 9, 2025, 20, 0, 2, 11.6),
(21, 10, 2025, 19, 2, 1, 15.4),
(21, 11, 2025, 19, 2, 1, 1.7),
(21, 12, 2025, 21, 1, 0, 9.7),
(21, 1, 2026, 18, 2, 2, 9.4),
(21, 2, 2026, 18, 2, 2, 4.7),
(21, 3, 2026, 20, 2, 0, 1.8),
(21, 4, 2026, 20, 1, 1, 14.2),
(22, 5, 2025, 20, 1, 1, 11.7),
(22, 6, 2025, 19, 1, 2, 6.0),
(22, 7, 2025, 22, 0, 0, 1.5),
(22, 8, 2025, 20, 0, 2, 9.4),
(22, 9, 2025, 20, 1, 1, 14.0),
(22, 10, 2025, 19, 2, 1, 5.0),
(23, 5, 2025, 22, 0, 0, 10.5),
(23, 6, 2025, 19, 1, 2, 1.8);

INSERT INTO attendance (EmployeeID, AttendanceMonth, AttendanceYear, WorkDays, LeaveDays, AbsentDays, OvertimeHours) VALUES
(23, 7, 2025, 19, 2, 1, 15.6),
(23, 8, 2025, 18, 2, 2, 0.4),
(23, 9, 2025, 21, 1, 0, 11.2),
(23, 10, 2025, 22, 0, 0, 13.9),
(23, 11, 2025, 20, 2, 0, 10.1),
(23, 12, 2025, 21, 1, 0, 6.7),
(23, 1, 2026, 8, 14, 0, 11.5),
(23, 2, 2026, 11, 11, 0, 14.1),
(23, 3, 2026, 12, 10, 0, 10.8),
(23, 4, 2026, 6, 16, 0, 7.8),
(24, 5, 2025, 20, 2, 0, 1.8),
(24, 6, 2025, 18, 2, 2, 9.5),
(24, 7, 2025, 22, 0, 0, 6.3),
(24, 8, 2025, 21, 1, 0, 15.1),
(24, 9, 2025, 20, 1, 1, 5.2),
(24, 10, 2025, 21, 0, 1, 2.1),
(24, 11, 2025, 18, 2, 2, 12.9),
(24, 12, 2025, 21, 1, 0, 0.3),
(24, 1, 2026, 19, 1, 2, 9.2),
(24, 2, 2026, 21, 0, 1, 6.5),
(24, 3, 2026, 19, 2, 1, 14.7),
(24, 4, 2026, 21, 1, 0, 9.4),
(25, 5, 2025, 19, 2, 1, 5.4),
(25, 6, 2025, 20, 2, 0, 10.1),
(25, 7, 2025, 20, 1, 1, 11.6),
(25, 8, 2025, 22, 0, 0, 2.3),
(25, 9, 2025, 20, 0, 2, 2.8),
(25, 10, 2025, 19, 2, 1, 12.2),
(26, 5, 2025, 19, 1, 2, 2.4),
(26, 6, 2025, 19, 1, 2, 12.7),
(26, 7, 2025, 20, 0, 2, 5.0),
(26, 8, 2025, 20, 1, 1, 1.2),
(26, 9, 2025, 19, 2, 1, 8.9),
(26, 10, 2025, 19, 2, 1, 10.4),
(26, 11, 2025, 20, 0, 2, 15.3),
(26, 12, 2025, 20, 0, 2, 8.1),
(26, 1, 2026, 19, 1, 2, 15.9),
(26, 2, 2026, 20, 1, 1, 14.7),
(26, 3, 2026, 18, 2, 2, 0.8),
(26, 4, 2026, 21, 1, 0, 1.5),
(27, 5, 2025, 19, 2, 1, 13.6),
(27, 6, 2025, 20, 2, 0, 10.6),
(27, 7, 2025, 18, 2, 2, 10.6),
(27, 8, 2025, 19, 1, 2, 10.3),
(27, 9, 2025, 20, 2, 0, 10.7),
(27, 10, 2025, 20, 1, 1, 2.9),
(27, 11, 2025, 22, 0, 0, 16.0),
(27, 12, 2025, 20, 2, 0, 12.3),
(27, 1, 2026, 20, 0, 2, 9.6),
(27, 2, 2026, 18, 2, 2, 12.9);

INSERT INTO attendance (EmployeeID, AttendanceMonth, AttendanceYear, WorkDays, LeaveDays, AbsentDays, OvertimeHours) VALUES
(27, 3, 2026, 20, 1, 1, 10.8),
(27, 4, 2026, 19, 2, 1, 12.5),
(28, 5, 2025, 20, 1, 1, 14.5),
(28, 6, 2025, 19, 1, 2, 7.4),
(28, 7, 2025, 19, 1, 2, 15.5),
(28, 8, 2025, 21, 1, 0, 0.8),
(28, 9, 2025, 20, 2, 0, 13.5),
(28, 10, 2025, 22, 0, 0, 4.4),
(28, 11, 2025, 21, 0, 1, 15.1),
(28, 12, 2025, 21, 1, 0, 0.9),
(28, 1, 2026, 21, 0, 1, 6.0),
(28, 2, 2026, 18, 2, 2, 5.4),
(28, 3, 2026, 20, 1, 1, 11.1),
(28, 4, 2026, 20, 0, 2, 14.5),
(29, 5, 2025, 20, 2, 0, 15.0),
(29, 6, 2025, 21, 1, 0, 3.8),
(29, 7, 2025, 19, 2, 1, 12.7),
(29, 8, 2025, 19, 2, 1, 8.6),
(29, 9, 2025, 20, 2, 0, 2.3),
(29, 10, 2025, 21, 0, 1, 9.1),
(29, 11, 2025, 20, 2, 0, 15.6),
(29, 12, 2025, 18, 2, 2, 8.9),
(29, 1, 2026, 19, 1, 2, 15.7),
(29, 2, 2026, 21, 1, 0, 3.9),
(29, 3, 2026, 18, 2, 2, 12.1),
(29, 4, 2026, 19, 1, 2, 13.0),
(30, 5, 2025, 19, 1, 2, 10.1),
(30, 6, 2025, 19, 1, 2, 0.6),
(30, 7, 2025, 21, 1, 0, 14.9),
(30, 8, 2025, 21, 0, 1, 12.1),
(30, 9, 2025, 20, 2, 0, 5.3),
(30, 10, 2025, 20, 1, 1, 11.9),
(30, 11, 2025, 21, 1, 0, 11.1),
(30, 12, 2025, 20, 2, 0, 6.8),
(30, 1, 2026, 19, 1, 2, 5.1),
(30, 2, 2026, 20, 1, 1, 9.6),
(30, 3, 2026, 20, 1, 1, 0.7),
(30, 4, 2026, 19, 2, 1, 15.7),
(31, 5, 2025, 18, 2, 2, 6.5),
(31, 6, 2025, 22, 0, 0, 13.6),
(31, 7, 2025, 22, 0, 0, 1.1),
(31, 8, 2025, 20, 1, 1, 15.2),
(31, 9, 2025, 19, 1, 2, 15.2),
(31, 10, 2025, 20, 0, 2, 8.5),
(31, 11, 2025, 22, 0, 0, 0.4),
(31, 12, 2025, 20, 0, 2, 4.2),
(31, 1, 2026, 20, 2, 0, 4.6),
(31, 2, 2026, 22, 0, 0, 13.6),
(31, 3, 2026, 20, 2, 0, 15.5),
(31, 4, 2026, 20, 0, 2, 8.8);

INSERT INTO attendance (EmployeeID, AttendanceMonth, AttendanceYear, WorkDays, LeaveDays, AbsentDays, OvertimeHours) VALUES
(32, 5, 2025, 18, 2, 2, 14.8),
(32, 6, 2025, 20, 0, 2, 1.9),
(32, 7, 2025, 21, 0, 1, 5.8),
(32, 8, 2025, 20, 0, 2, 9.8),
(32, 9, 2025, 19, 2, 1, 11.5),
(32, 10, 2025, 20, 0, 2, 2.0),
(32, 11, 2025, 19, 2, 1, 8.3),
(32, 12, 2025, 19, 2, 1, 14.6),
(32, 1, 2026, 21, 1, 0, 2.6),
(32, 2, 2026, 19, 1, 2, 13.5),
(32, 3, 2026, 21, 0, 1, 10.0),
(32, 4, 2026, 20, 0, 2, 9.5),
(33, 5, 2025, 18, 2, 2, 11.5),
(33, 6, 2025, 22, 0, 0, 1.3),
(33, 7, 2025, 20, 0, 2, 12.3),
(33, 8, 2025, 21, 1, 0, 14.2),
(33, 9, 2025, 20, 1, 1, 3.9),
(33, 10, 2025, 21, 0, 1, 11.0),
(33, 11, 2025, 20, 1, 1, 3.3),
(33, 12, 2025, 19, 1, 2, 11.7),
(33, 1, 2026, 21, 1, 0, 8.2),
(33, 2, 2026, 21, 0, 1, 4.3),
(33, 3, 2026, 21, 1, 0, 15.1),
(33, 4, 2026, 22, 0, 0, 13.0),
(34, 5, 2025, 21, 0, 1, 12.2),
(34, 6, 2025, 20, 1, 1, 8.0),
(34, 7, 2025, 21, 0, 1, 3.4),
(34, 8, 2025, 20, 1, 1, 9.6),
(34, 9, 2025, 20, 1, 1, 8.6),
(34, 10, 2025, 21, 1, 0, 11.6),
(34, 11, 2025, 21, 1, 0, 0.8),
(34, 12, 2025, 19, 1, 2, 1.2),
(34, 1, 2026, 4, 18, 0, 4.5),
(34, 2, 2026, 10, 12, 0, 15.6),
(34, 3, 2026, 7, 15, 0, 8.9),
(34, 4, 2026, 3, 19, 0, 8.1),
(35, 5, 2025, 22, 0, 0, 11.4),
(35, 6, 2025, 20, 2, 0, 14.3),
(35, 7, 2025, 21, 1, 0, 15.8),
(35, 8, 2025, 19, 1, 2, 8.1),
(35, 9, 2025, 18, 2, 2, 4.8),
(35, 10, 2025, 19, 2, 1, 1.8),
(35, 11, 2025, 18, 2, 2, 10.1),
(35, 12, 2025, 18, 2, 2, 9.2),
(35, 1, 2026, 20, 2, 0, 10.1),
(35, 2, 2026, 20, 2, 0, 3.9),
(35, 3, 2026, 22, 0, 0, 7.1),
(35, 4, 2026, 20, 0, 2, 6.6),
(36, 5, 2025, 18, 2, 2, 1.0),
(36, 6, 2025, 19, 1, 2, 16.0);

INSERT INTO attendance (EmployeeID, AttendanceMonth, AttendanceYear, WorkDays, LeaveDays, AbsentDays, OvertimeHours) VALUES
(36, 7, 2025, 21, 0, 1, 7.4),
(36, 8, 2025, 18, 2, 2, 10.9),
(36, 9, 2025, 19, 1, 2, 3.1),
(36, 10, 2025, 21, 1, 0, 12.3),
(36, 11, 2025, 20, 1, 1, 5.6),
(36, 12, 2025, 21, 0, 1, 9.2),
(36, 1, 2026, 21, 0, 1, 4.6),
(36, 2, 2026, 20, 1, 1, 10.5),
(36, 3, 2026, 20, 2, 0, 4.3),
(36, 4, 2026, 22, 0, 0, 9.9),
(37, 5, 2025, 20, 2, 0, 14.5),
(37, 6, 2025, 21, 1, 0, 5.3),
(37, 7, 2025, 20, 2, 0, 15.6),
(37, 8, 2025, 19, 2, 1, 3.2),
(37, 9, 2025, 20, 0, 2, 14.5),
(37, 10, 2025, 18, 2, 2, 13.6),
(37, 11, 2025, 22, 0, 0, 16.0),
(37, 12, 2025, 19, 1, 2, 14.0),
(37, 1, 2026, 20, 0, 2, 14.9),
(37, 2, 2026, 18, 2, 2, 8.4),
(37, 3, 2026, 20, 1, 1, 3.1),
(37, 4, 2026, 19, 1, 2, 10.4),
(38, 5, 2025, 19, 1, 2, 12.7),
(38, 6, 2025, 18, 2, 2, 14.4),
(38, 7, 2025, 21, 0, 1, 6.4),
(38, 8, 2025, 20, 1, 1, 15.0),
(38, 9, 2025, 21, 1, 0, 12.1),
(38, 10, 2025, 18, 2, 2, 0.2),
(38, 11, 2025, 22, 0, 0, 10.7),
(38, 12, 2025, 19, 2, 1, 8.0),
(38, 1, 2026, 20, 2, 0, 14.7),
(38, 2, 2026, 22, 0, 0, 15.3),
(38, 3, 2026, 18, 2, 2, 6.0),
(38, 4, 2026, 18, 2, 2, 13.2),
(39, 5, 2025, 20, 0, 2, 8.4),
(39, 6, 2025, 20, 0, 2, 1.0),
(39, 7, 2025, 18, 2, 2, 2.4),
(39, 8, 2025, 20, 2, 0, 3.3),
(39, 9, 2025, 19, 1, 2, 12.9),
(39, 10, 2025, 20, 1, 1, 9.0),
(40, 5, 2025, 20, 0, 2, 6.3),
(40, 6, 2025, 20, 0, 2, 0.7),
(40, 7, 2025, 20, 0, 2, 15.0),
(40, 8, 2025, 20, 1, 1, 2.9),
(40, 9, 2025, 20, 1, 1, 7.2),
(40, 10, 2025, 20, 2, 0, 15.4),
(40, 11, 2025, 19, 1, 2, 1.9),
(40, 12, 2025, 20, 0, 2, 13.4),
(40, 1, 2026, 19, 2, 1, 11.5),
(40, 2, 2026, 22, 0, 0, 7.4);

INSERT INTO attendance (EmployeeID, AttendanceMonth, AttendanceYear, WorkDays, LeaveDays, AbsentDays, OvertimeHours) VALUES
(40, 3, 2026, 20, 0, 2, 0.5),
(40, 4, 2026, 22, 0, 0, 1.1),
(41, 5, 2025, 18, 2, 2, 11.3),
(41, 6, 2025, 20, 1, 1, 3.7),
(41, 7, 2025, 20, 2, 0, 15.9),
(41, 8, 2025, 18, 2, 2, 12.4),
(41, 9, 2025, 21, 0, 1, 15.8),
(41, 10, 2025, 20, 1, 1, 1.0),
(41, 11, 2025, 18, 2, 2, 6.8),
(41, 12, 2025, 18, 2, 2, 6.1),
(41, 1, 2026, 21, 0, 1, 4.8),
(41, 2, 2026, 22, 0, 0, 4.8),
(41, 3, 2026, 20, 2, 0, 6.6),
(41, 4, 2026, 21, 0, 1, 4.1),
(42, 5, 2025, 21, 0, 1, 8.6),
(42, 6, 2025, 20, 1, 1, 10.8),
(42, 7, 2025, 20, 2, 0, 11.6),
(42, 8, 2025, 21, 1, 0, 4.9),
(42, 9, 2025, 20, 2, 0, 1.9),
(42, 10, 2025, 18, 2, 2, 11.3),
(42, 11, 2025, 20, 1, 1, 6.1),
(42, 12, 2025, 20, 1, 1, 8.2),
(42, 1, 2026, 19, 1, 2, 12.2),
(42, 2, 2026, 20, 1, 1, 0.7),
(42, 3, 2026, 21, 1, 0, 8.9),
(42, 4, 2026, 22, 0, 0, 5.3),
(43, 5, 2025, 19, 2, 1, 10.5),
(43, 6, 2025, 19, 2, 1, 10.3),
(43, 7, 2025, 19, 1, 2, 2.7),
(43, 8, 2025, 20, 2, 0, 15.8),
(43, 9, 2025, 20, 2, 0, 0.8),
(43, 10, 2025, 20, 0, 2, 1.1),
(43, 11, 2025, 19, 1, 2, 6.0),
(43, 12, 2025, 19, 1, 2, 0.3),
(43, 1, 2026, 12, 10, 0, 0.3),
(43, 2, 2026, 8, 14, 0, 0.3),
(43, 3, 2026, 11, 11, 0, 14.7),
(43, 4, 2026, 9, 13, 0, 9.9),
(44, 5, 2025, 21, 0, 1, 6.0),
(44, 6, 2025, 20, 2, 0, 3.6),
(44, 7, 2025, 20, 0, 2, 1.5),
(44, 8, 2025, 21, 0, 1, 10.2),
(44, 9, 2025, 20, 1, 1, 10.3),
(44, 10, 2025, 20, 0, 2, 3.7),
(44, 11, 2025, 21, 0, 1, 14.8),
(44, 12, 2025, 18, 2, 2, 0.5),
(44, 1, 2026, 20, 2, 0, 2.3),
(44, 2, 2026, 21, 0, 1, 9.0),
(44, 3, 2026, 19, 1, 2, 6.1),
(44, 4, 2026, 18, 2, 2, 1.3);

INSERT INTO attendance (EmployeeID, AttendanceMonth, AttendanceYear, WorkDays, LeaveDays, AbsentDays, OvertimeHours) VALUES
(45, 5, 2025, 21, 1, 0, 3.7),
(45, 6, 2025, 21, 0, 1, 10.1),
(45, 7, 2025, 21, 1, 0, 8.8),
(45, 8, 2025, 18, 2, 2, 10.6),
(45, 9, 2025, 20, 2, 0, 1.2),
(45, 10, 2025, 18, 2, 2, 2.5),
(46, 5, 2025, 22, 0, 0, 0.1),
(46, 6, 2025, 21, 0, 1, 2.1),
(46, 7, 2025, 18, 2, 2, 8.2),
(46, 8, 2025, 19, 2, 1, 1.5),
(46, 9, 2025, 21, 0, 1, 4.7),
(46, 10, 2025, 18, 2, 2, 14.5),
(46, 11, 2025, 19, 1, 2, 2.7),
(46, 12, 2025, 21, 0, 1, 1.0),
(46, 1, 2026, 20, 1, 1, 12.5),
(46, 2, 2026, 18, 2, 2, 7.9),
(46, 3, 2026, 22, 0, 0, 4.9),
(46, 4, 2026, 19, 1, 2, 12.9),
(47, 5, 2025, 19, 2, 1, 15.6),
(47, 6, 2025, 18, 2, 2, 3.2),
(47, 7, 2025, 20, 1, 1, 11.8),
(47, 8, 2025, 21, 1, 0, 6.0),
(47, 9, 2025, 20, 2, 0, 3.2),
(47, 10, 2025, 20, 2, 0, 7.4),
(47, 11, 2025, 19, 2, 1, 1.1),
(47, 12, 2025, 20, 2, 0, 4.8),
(47, 1, 2026, 21, 0, 1, 7.2),
(47, 2, 2026, 19, 2, 1, 8.1),
(47, 3, 2026, 21, 1, 0, 11.2),
(47, 4, 2026, 20, 2, 0, 10.6),
(48, 5, 2025, 18, 2, 2, 10.8),
(48, 6, 2025, 22, 0, 0, 1.6),
(48, 7, 2025, 18, 2, 2, 11.0),
(48, 8, 2025, 20, 1, 1, 12.4),
(48, 9, 2025, 21, 0, 1, 7.7),
(48, 10, 2025, 20, 2, 0, 2.3),
(48, 11, 2025, 20, 2, 0, 7.7),
(48, 12, 2025, 18, 2, 2, 7.2),
(48, 1, 2026, 20, 0, 2, 0.4),
(48, 2, 2026, 20, 2, 0, 3.9),
(48, 3, 2026, 19, 2, 1, 6.8),
(48, 4, 2026, 20, 0, 2, 3.0),
(49, 5, 2025, 20, 2, 0, 9.8),
(49, 6, 2025, 20, 1, 1, 0.1),
(49, 7, 2025, 20, 0, 2, 9.2),
(49, 8, 2025, 20, 1, 1, 3.2),
(49, 9, 2025, 19, 2, 1, 15.5),
(49, 10, 2025, 19, 1, 2, 9.4),
(49, 11, 2025, 20, 0, 2, 13.0),
(49, 12, 2025, 20, 0, 2, 10.8);

INSERT INTO attendance (EmployeeID, AttendanceMonth, AttendanceYear, WorkDays, LeaveDays, AbsentDays, OvertimeHours) VALUES
(49, 1, 2026, 21, 0, 1, 2.9),
(49, 2, 2026, 20, 1, 1, 9.5),
(49, 3, 2026, 21, 1, 0, 10.2),
(49, 4, 2026, 20, 0, 2, 7.8),
(50, 5, 2025, 19, 2, 1, 0.9),
(50, 6, 2025, 22, 0, 0, 13.0),
(50, 7, 2025, 19, 2, 1, 7.9),
(50, 8, 2025, 21, 0, 1, 1.3),
(50, 9, 2025, 21, 0, 1, 4.4),
(50, 10, 2025, 19, 2, 1, 11.9),
(50, 11, 2025, 20, 2, 0, 1.8),
(50, 12, 2025, 20, 0, 2, 12.2),
(50, 1, 2026, 21, 0, 1, 11.8),
(50, 2, 2026, 21, 0, 1, 7.2),
(50, 3, 2026, 21, 0, 1, 12.4),
(50, 4, 2026, 18, 2, 2, 10.1),
(51, 5, 2025, 22, 0, 0, 12.9),
(51, 6, 2025, 18, 2, 2, 2.7),
(51, 7, 2025, 19, 1, 2, 15.2),
(51, 8, 2025, 21, 1, 0, 14.7),
(51, 9, 2025, 20, 0, 2, 4.0),
(51, 10, 2025, 19, 1, 2, 7.8),
(51, 11, 2025, 19, 1, 2, 6.0),
(51, 12, 2025, 19, 2, 1, 12.0),
(51, 1, 2026, 20, 1, 1, 9.3),
(51, 2, 2026, 19, 1, 2, 10.2),
(51, 3, 2026, 19, 1, 2, 3.5),
(51, 4, 2026, 20, 1, 1, 5.2),
(52, 5, 2025, 20, 0, 2, 9.1),
(52, 6, 2025, 22, 0, 0, 10.0),
(52, 7, 2025, 22, 0, 0, 7.1),
(52, 8, 2025, 20, 0, 2, 14.1),
(52, 9, 2025, 20, 2, 0, 5.8),
(52, 10, 2025, 21, 1, 0, 10.0),
(52, 11, 2025, 20, 0, 2, 11.3),
(52, 12, 2025, 22, 0, 0, 9.5),
(52, 1, 2026, 20, 2, 0, 5.5),
(52, 2, 2026, 21, 0, 1, 3.7),
(52, 3, 2026, 20, 1, 1, 14.1),
(52, 4, 2026, 18, 2, 2, 2.3),
(53, 5, 2025, 18, 2, 2, 2.6),
(53, 6, 2025, 20, 0, 2, 14.7),
(53, 7, 2025, 22, 0, 0, 2.2),
(53, 8, 2025, 20, 1, 1, 15.4),
(53, 9, 2025, 19, 2, 1, 1.3),
(53, 10, 2025, 18, 2, 2, 4.6),
(53, 11, 2025, 21, 0, 1, 8.3),
(53, 12, 2025, 19, 2, 1, 0.9),
(53, 1, 2026, 21, 0, 1, 3.9),
(53, 2, 2026, 20, 0, 2, 15.8);

INSERT INTO attendance (EmployeeID, AttendanceMonth, AttendanceYear, WorkDays, LeaveDays, AbsentDays, OvertimeHours) VALUES
(53, 3, 2026, 19, 2, 1, 6.7),
(53, 4, 2026, 22, 0, 0, 9.4),
(54, 5, 2025, 22, 0, 0, 15.2),
(54, 6, 2025, 18, 2, 2, 8.0),
(54, 7, 2025, 21, 0, 1, 10.2),
(54, 8, 2025, 21, 0, 1, 5.0),
(54, 9, 2025, 19, 1, 2, 6.3),
(54, 10, 2025, 20, 0, 2, 5.0),
(54, 11, 2025, 22, 0, 0, 14.8),
(54, 12, 2025, 20, 0, 2, 4.9),
(54, 1, 2026, 10, 12, 0, 1.9),
(54, 2, 2026, 12, 10, 0, 2.6),
(54, 3, 2026, 4, 18, 0, 12.5),
(54, 4, 2026, 7, 15, 0, 2.0),
(55, 5, 2025, 21, 1, 0, 12.9),
(55, 6, 2025, 19, 2, 1, 15.6),
(55, 7, 2025, 19, 2, 1, 5.8),
(55, 8, 2025, 21, 0, 1, 4.1),
(55, 9, 2025, 20, 2, 0, 8.1),
(55, 10, 2025, 21, 1, 0, 5.8),
(55, 11, 2025, 20, 2, 0, 12.8),
(55, 12, 2025, 21, 1, 0, 4.0),
(55, 1, 2026, 21, 0, 1, 9.1),
(55, 2, 2026, 22, 0, 0, 12.9),
(55, 3, 2026, 20, 1, 1, 12.4),
(55, 4, 2026, 19, 1, 2, 0.1),
(56, 5, 2025, 18, 2, 2, 3.9),
(56, 6, 2025, 20, 2, 0, 14.4),
(56, 7, 2025, 22, 0, 0, 14.9),
(56, 8, 2025, 18, 2, 2, 14.0),
(56, 9, 2025, 19, 1, 2, 13.6),
(56, 10, 2025, 20, 2, 0, 15.7),
(56, 11, 2025, 20, 2, 0, 4.5),
(56, 12, 2025, 19, 1, 2, 7.3),
(56, 1, 2026, 20, 0, 2, 10.2),
(56, 2, 2026, 19, 2, 1, 15.4),
(56, 3, 2026, 20, 1, 1, 11.2),
(56, 4, 2026, 20, 1, 1, 3.7),
(57, 5, 2025, 20, 0, 2, 2.5),
(57, 6, 2025, 20, 1, 1, 1.9),
(57, 7, 2025, 20, 1, 1, 4.2),
(57, 8, 2025, 19, 1, 2, 13.2),
(57, 9, 2025, 21, 0, 1, 1.5),
(57, 10, 2025, 20, 0, 2, 10.8),
(57, 11, 2025, 20, 1, 1, 8.9),
(57, 12, 2025, 21, 0, 1, 12.9),
(57, 1, 2026, 22, 0, 0, 2.1),
(57, 2, 2026, 18, 2, 2, 15.0),
(57, 3, 2026, 22, 0, 0, 3.2),
(57, 4, 2026, 21, 1, 0, 2.0);

INSERT INTO attendance (EmployeeID, AttendanceMonth, AttendanceYear, WorkDays, LeaveDays, AbsentDays, OvertimeHours) VALUES
(58, 5, 2025, 20, 2, 0, 6.9),
(58, 6, 2025, 21, 1, 0, 10.9),
(58, 7, 2025, 21, 1, 0, 4.5),
(58, 8, 2025, 18, 2, 2, 9.9),
(58, 9, 2025, 19, 2, 1, 7.7),
(58, 10, 2025, 21, 1, 0, 3.2),
(59, 5, 2025, 18, 2, 2, 12.7),
(59, 6, 2025, 19, 1, 2, 5.5),
(59, 7, 2025, 20, 1, 1, 2.9),
(59, 8, 2025, 21, 1, 0, 0.9),
(59, 9, 2025, 20, 0, 2, 15.6),
(59, 10, 2025, 21, 1, 0, 8.5),
(59, 11, 2025, 20, 2, 0, 13.5),
(59, 12, 2025, 22, 0, 0, 3.8),
(59, 1, 2026, 20, 2, 0, 11.2),
(59, 2, 2026, 20, 2, 0, 15.2),
(59, 3, 2026, 21, 0, 1, 7.8),
(59, 4, 2026, 20, 0, 2, 0.3),
(60, 5, 2025, 20, 0, 2, 12.9),
(60, 6, 2025, 21, 0, 1, 0.4),
(60, 7, 2025, 20, 2, 0, 13.8),
(60, 8, 2025, 20, 0, 2, 5.4),
(60, 9, 2025, 19, 1, 2, 12.7),
(60, 10, 2025, 20, 2, 0, 15.5),
(60, 11, 2025, 20, 2, 0, 9.4),
(60, 12, 2025, 18, 2, 2, 4.7),
(60, 1, 2026, 18, 2, 2, 6.3),
(60, 2, 2026, 20, 2, 0, 5.1),
(60, 3, 2026, 18, 2, 2, 1.7),
(60, 4, 2026, 20, 0, 2, 3.8),
(61, 5, 2025, 18, 2, 2, 10.2),
(61, 6, 2025, 21, 1, 0, 3.4),
(61, 7, 2025, 21, 0, 1, 11.5),
(61, 8, 2025, 19, 1, 2, 15.5),
(61, 9, 2025, 20, 1, 1, 8.7),
(61, 10, 2025, 18, 2, 2, 12.1),
(61, 11, 2025, 22, 0, 0, 4.7),
(61, 12, 2025, 21, 1, 0, 2.7),
(61, 1, 2026, 20, 0, 2, 5.4),
(61, 2, 2026, 19, 2, 1, 2.6),
(61, 3, 2026, 22, 0, 0, 5.3),
(61, 4, 2026, 19, 1, 2, 4.8),
(62, 5, 2025, 18, 2, 2, 13.4),
(62, 6, 2025, 21, 1, 0, 1.4),
(62, 7, 2025, 22, 0, 0, 3.3),
(62, 8, 2025, 21, 0, 1, 4.9),
(62, 9, 2025, 19, 1, 2, 1.5),
(62, 10, 2025, 20, 1, 1, 5.9),
(62, 11, 2025, 20, 1, 1, 4.2),
(62, 12, 2025, 22, 0, 0, 12.0);

INSERT INTO attendance (EmployeeID, AttendanceMonth, AttendanceYear, WorkDays, LeaveDays, AbsentDays, OvertimeHours) VALUES
(62, 1, 2026, 19, 1, 2, 12.9),
(62, 2, 2026, 21, 1, 0, 13.1),
(62, 3, 2026, 21, 1, 0, 4.8),
(62, 4, 2026, 18, 2, 2, 12.8),
(63, 5, 2025, 21, 0, 1, 15.2),
(63, 6, 2025, 22, 0, 0, 6.8),
(63, 7, 2025, 20, 0, 2, 13.3),
(63, 8, 2025, 22, 0, 0, 6.2),
(63, 9, 2025, 19, 2, 1, 7.3),
(63, 10, 2025, 18, 2, 2, 8.4),
(63, 11, 2025, 22, 0, 0, 9.1),
(63, 12, 2025, 20, 0, 2, 12.6),
(63, 1, 2026, 6, 16, 0, 4.2),
(63, 2, 2026, 3, 19, 0, 7.6),
(63, 3, 2026, 10, 12, 0, 9.9),
(63, 4, 2026, 6, 16, 0, 14.2),
(64, 5, 2025, 19, 1, 2, 14.7),
(64, 6, 2025, 20, 1, 1, 5.0),
(64, 7, 2025, 20, 0, 2, 15.6),
(64, 8, 2025, 19, 1, 2, 12.4),
(64, 9, 2025, 19, 2, 1, 10.3),
(64, 10, 2025, 19, 2, 1, 7.8),
(64, 11, 2025, 20, 0, 2, 1.0),
(64, 12, 2025, 20, 2, 0, 14.1),
(64, 1, 2026, 22, 0, 0, 4.0),
(64, 2, 2026, 20, 0, 2, 4.4),
(64, 3, 2026, 19, 2, 1, 14.8),
(64, 4, 2026, 20, 1, 1, 9.5),
(65, 5, 2025, 21, 0, 1, 13.4),
(65, 6, 2025, 21, 0, 1, 6.2),
(65, 7, 2025, 20, 2, 0, 3.6),
(65, 8, 2025, 20, 0, 2, 13.8),
(65, 9, 2025, 21, 0, 1, 10.4),
(65, 10, 2025, 21, 1, 0, 9.7),
(66, 5, 2025, 20, 1, 1, 13.6),
(66, 6, 2025, 20, 1, 1, 10.8),
(66, 7, 2025, 20, 0, 2, 0.1),
(66, 8, 2025, 19, 2, 1, 1.7),
(66, 9, 2025, 19, 1, 2, 13.8),
(66, 10, 2025, 22, 0, 0, 8.3),
(66, 11, 2025, 19, 1, 2, 10.9),
(66, 12, 2025, 20, 1, 1, 14.5),
(66, 1, 2026, 18, 2, 2, 15.9),
(66, 2, 2026, 18, 2, 2, 3.6),
(66, 3, 2026, 19, 1, 2, 8.1),
(66, 4, 2026, 21, 0, 1, 7.5),
(67, 5, 2025, 20, 2, 0, 14.4),
(67, 6, 2025, 21, 0, 1, 11.9),
(67, 7, 2025, 20, 1, 1, 9.4),
(67, 8, 2025, 20, 2, 0, 9.3);

INSERT INTO attendance (EmployeeID, AttendanceMonth, AttendanceYear, WorkDays, LeaveDays, AbsentDays, OvertimeHours) VALUES
(67, 9, 2025, 20, 2, 0, 1.9),
(67, 10, 2025, 20, 1, 1, 0.9),
(67, 11, 2025, 21, 1, 0, 6.5),
(67, 12, 2025, 19, 2, 1, 2.9),
(67, 1, 2026, 20, 0, 2, 5.0),
(67, 2, 2026, 21, 0, 1, 12.2),
(67, 3, 2026, 22, 0, 0, 9.8),
(67, 4, 2026, 20, 1, 1, 6.1),
(68, 5, 2025, 19, 1, 2, 15.2),
(68, 6, 2025, 22, 0, 0, 10.8),
(68, 7, 2025, 19, 1, 2, 5.0),
(68, 8, 2025, 19, 1, 2, 2.7),
(68, 9, 2025, 20, 1, 1, 11.6),
(68, 10, 2025, 19, 2, 1, 15.9),
(68, 11, 2025, 22, 0, 0, 15.2),
(68, 12, 2025, 22, 0, 0, 11.6),
(68, 1, 2026, 20, 2, 0, 8.1),
(68, 2, 2026, 20, 0, 2, 6.0),
(68, 3, 2026, 20, 0, 2, 9.5),
(68, 4, 2026, 22, 0, 0, 11.0),
(69, 5, 2025, 20, 2, 0, 4.0),
(69, 6, 2025, 18, 2, 2, 10.1),
(69, 7, 2025, 20, 2, 0, 8.3),
(69, 8, 2025, 21, 1, 0, 13.3),
(69, 9, 2025, 20, 0, 2, 4.5),
(69, 10, 2025, 20, 2, 0, 3.2),
(69, 11, 2025, 19, 2, 1, 6.6),
(69, 12, 2025, 21, 0, 1, 11.0),
(69, 1, 2026, 22, 0, 0, 10.7),
(69, 2, 2026, 19, 1, 2, 2.4),
(69, 3, 2026, 18, 2, 2, 1.6),
(69, 4, 2026, 20, 1, 1, 4.2),
(70, 5, 2025, 21, 1, 0, 5.8),
(70, 6, 2025, 20, 0, 2, 1.5),
(70, 7, 2025, 20, 2, 0, 10.4),
(70, 8, 2025, 19, 1, 2, 14.1),
(70, 9, 2025, 22, 0, 0, 6.4),
(70, 10, 2025, 19, 1, 2, 12.8),
(70, 11, 2025, 22, 0, 0, 11.1),
(70, 12, 2025, 21, 1, 0, 14.6),
(70, 1, 2026, 20, 2, 0, 6.1),
(70, 2, 2026, 18, 2, 2, 15.6),
(70, 3, 2026, 21, 1, 0, 7.1),
(70, 4, 2026, 20, 2, 0, 13.9),
(71, 5, 2025, 19, 1, 2, 8.3),
(71, 6, 2025, 19, 2, 1, 11.6),
(71, 7, 2025, 20, 2, 0, 14.3),
(71, 8, 2025, 20, 0, 2, 8.1),
(71, 9, 2025, 21, 1, 0, 5.1),
(71, 10, 2025, 20, 0, 2, 8.8);

INSERT INTO attendance (EmployeeID, AttendanceMonth, AttendanceYear, WorkDays, LeaveDays, AbsentDays, OvertimeHours) VALUES
(71, 11, 2025, 21, 1, 0, 7.1),
(71, 12, 2025, 20, 1, 1, 5.1),
(71, 1, 2026, 21, 1, 0, 6.6),
(71, 2, 2026, 20, 2, 0, 15.4),
(71, 3, 2026, 18, 2, 2, 7.3),
(71, 4, 2026, 21, 1, 0, 5.3),
(72, 5, 2025, 19, 1, 2, 1.8),
(72, 6, 2025, 20, 1, 1, 13.3),
(72, 7, 2025, 19, 1, 2, 11.2),
(72, 8, 2025, 20, 2, 0, 11.9),
(72, 9, 2025, 20, 0, 2, 3.0),
(72, 10, 2025, 21, 0, 1, 11.5),
(72, 11, 2025, 18, 2, 2, 9.4),
(72, 12, 2025, 18, 2, 2, 15.3),
(72, 1, 2026, 18, 2, 2, 0.8),
(72, 2, 2026, 19, 2, 1, 12.5),
(72, 3, 2026, 20, 2, 0, 13.0),
(72, 4, 2026, 19, 1, 2, 8.1),
(73, 5, 2025, 20, 0, 2, 4.4),
(73, 6, 2025, 22, 0, 0, 6.6),
(73, 7, 2025, 18, 2, 2, 13.8),
(73, 8, 2025, 22, 0, 0, 3.4),
(73, 9, 2025, 19, 2, 1, 2.1),
(73, 10, 2025, 18, 2, 2, 10.2),
(73, 11, 2025, 19, 1, 2, 9.3),
(73, 12, 2025, 18, 2, 2, 4.6),
(73, 1, 2026, 4, 18, 0, 1.7),
(73, 2, 2026, 2, 20, 0, 0.9),
(73, 3, 2026, 2, 20, 0, 4.0),
(73, 4, 2026, 0, 22, 0, 4.7),
(74, 5, 2025, 20, 1, 1, 1.6),
(74, 6, 2025, 18, 2, 2, 9.0),
(74, 7, 2025, 19, 1, 2, 11.1),
(74, 8, 2025, 19, 2, 1, 5.0),
(74, 9, 2025, 19, 1, 2, 3.2),
(74, 10, 2025, 18, 2, 2, 11.4),
(74, 11, 2025, 18, 2, 2, 3.1),
(74, 12, 2025, 21, 0, 1, 15.7),
(74, 1, 2026, 18, 2, 2, 1.9),
(74, 2, 2026, 19, 1, 2, 2.1),
(74, 3, 2026, 20, 1, 1, 11.4),
(74, 4, 2026, 19, 2, 1, 0.8),
(75, 5, 2025, 19, 2, 1, 8.8),
(75, 6, 2025, 20, 0, 2, 15.3),
(75, 7, 2025, 21, 1, 0, 8.7),
(75, 8, 2025, 22, 0, 0, 10.6),
(75, 9, 2025, 20, 2, 0, 8.5),
(75, 10, 2025, 20, 2, 0, 5.5),
(75, 11, 2025, 14, 0, 8, 10.9),
(75, 12, 2025, 20, 1, 1, 8.6);

INSERT INTO attendance (EmployeeID, AttendanceMonth, AttendanceYear, WorkDays, LeaveDays, AbsentDays, OvertimeHours) VALUES
(75, 1, 2026, 18, 2, 2, 7.1),
(75, 2, 2026, 19, 2, 1, 1.3),
(75, 3, 2026, 20, 0, 2, 3.4),
(75, 4, 2026, 19, 1, 2, 13.4),
(76, 5, 2025, 20, 0, 2, 12.0),
(76, 6, 2025, 19, 1, 2, 0.6),
(76, 7, 2025, 19, 2, 1, 1.1),
(76, 8, 2025, 20, 1, 1, 7.2),
(76, 9, 2025, 21, 1, 0, 10.8),
(76, 10, 2025, 18, 2, 2, 0.7),
(76, 11, 2025, 20, 0, 2, 4.6),
(76, 12, 2025, 20, 1, 1, 6.1),
(76, 1, 2026, 21, 0, 1, 8.5),
(76, 2, 2026, 19, 1, 2, 15.4),
(76, 3, 2026, 20, 2, 0, 14.0),
(76, 4, 2026, 20, 2, 0, 9.5),
(77, 5, 2025, 20, 2, 0, 11.9),
(77, 6, 2025, 19, 2, 1, 13.6),
(77, 7, 2025, 20, 2, 0, 13.4),
(77, 8, 2025, 18, 2, 2, 13.6),
(77, 9, 2025, 21, 1, 0, 10.7),
(77, 10, 2025, 18, 2, 2, 7.8),
(78, 5, 2025, 18, 2, 2, 3.8),
(78, 6, 2025, 21, 1, 0, 7.8),
(78, 7, 2025, 19, 2, 1, 9.3),
(78, 8, 2025, 20, 1, 1, 2.7),
(78, 9, 2025, 18, 2, 2, 10.3),
(78, 10, 2025, 18, 2, 2, 5.3),
(78, 11, 2025, 20, 1, 1, 7.8),
(78, 12, 2025, 20, 0, 2, 13.5),
(78, 1, 2026, 21, 1, 0, 11.7),
(78, 2, 2026, 22, 0, 0, 13.6),
(78, 3, 2026, 19, 1, 2, 12.3),
(78, 4, 2026, 19, 2, 1, 14.3),
(79, 5, 2025, 21, 1, 0, 6.3),
(79, 6, 2025, 21, 0, 1, 7.4),
(79, 7, 2025, 19, 2, 1, 0.2),
(79, 8, 2025, 20, 2, 0, 2.2),
(79, 9, 2025, 18, 2, 2, 14.0),
(79, 10, 2025, 22, 0, 0, 12.2),
(79, 11, 2025, 21, 0, 1, 0.7),
(79, 12, 2025, 20, 1, 1, 7.5),
(79, 1, 2026, 19, 1, 2, 1.7),
(79, 2, 2026, 19, 1, 2, 9.3),
(79, 3, 2026, 19, 1, 2, 5.8),
(79, 4, 2026, 20, 1, 1, 15.6),
(80, 5, 2025, 20, 1, 1, 7.8),
(80, 6, 2025, 20, 0, 2, 7.0),
(80, 7, 2025, 19, 1, 2, 3.4),
(80, 8, 2025, 18, 2, 2, 13.1);

INSERT INTO attendance (EmployeeID, AttendanceMonth, AttendanceYear, WorkDays, LeaveDays, AbsentDays, OvertimeHours) VALUES
(80, 9, 2025, 19, 2, 1, 1.8),
(80, 10, 2025, 20, 2, 0, 2.6),
(80, 11, 2025, 22, 0, 0, 2.0),
(80, 12, 2025, 18, 2, 2, 0.6),
(80, 1, 2026, 21, 1, 0, 14.8),
(80, 2, 2026, 18, 2, 2, 10.6),
(80, 3, 2026, 19, 2, 1, 15.9),
(80, 4, 2026, 21, 1, 0, 9.6),
(81, 5, 2025, 18, 2, 2, 8.2),
(81, 6, 2025, 19, 2, 1, 9.4),
(81, 7, 2025, 22, 0, 0, 0.3),
(81, 8, 2025, 20, 2, 0, 1.5),
(81, 9, 2025, 18, 2, 2, 12.0),
(81, 10, 2025, 18, 2, 2, 13.2),
(81, 11, 2025, 10, 0, 12, 6.7),
(81, 12, 2025, 21, 1, 0, 12.6),
(81, 1, 2026, 21, 0, 1, 4.1),
(81, 2, 2026, 19, 2, 1, 14.0),
(81, 3, 2026, 20, 2, 0, 11.9),
(81, 4, 2026, 20, 0, 2, 6.0),
(82, 5, 2025, 21, 0, 1, 2.5),
(82, 6, 2025, 19, 1, 2, 9.0),
(82, 7, 2025, 21, 1, 0, 8.8),
(82, 8, 2025, 19, 2, 1, 8.9),
(82, 9, 2025, 19, 2, 1, 6.4),
(82, 10, 2025, 19, 2, 1, 15.2),
(82, 11, 2025, 20, 1, 1, 12.8),
(82, 12, 2025, 19, 2, 1, 0.1),
(82, 1, 2026, 19, 1, 2, 1.4),
(82, 2, 2026, 20, 2, 0, 0.6),
(82, 3, 2026, 18, 2, 2, 4.6),
(82, 4, 2026, 19, 1, 2, 7.0),
(83, 5, 2025, 22, 0, 0, 12.5),
(83, 6, 2025, 20, 2, 0, 2.7),
(83, 7, 2025, 20, 0, 2, 15.6),
(83, 8, 2025, 19, 2, 1, 6.3),
(83, 9, 2025, 20, 2, 0, 11.3),
(83, 10, 2025, 19, 2, 1, 13.3),
(83, 11, 2025, 20, 1, 1, 3.6),
(83, 12, 2025, 20, 0, 2, 4.2),
(83, 1, 2026, 4, 18, 0, 1.2),
(83, 2, 2026, 0, 22, 0, 8.2),
(83, 3, 2026, 8, 14, 0, 11.1),
(83, 4, 2026, 0, 22, 0, 3.9),
(84, 5, 2025, 19, 2, 1, 13.8),
(84, 6, 2025, 21, 1, 0, 10.1),
(84, 7, 2025, 20, 1, 1, 15.3),
(84, 8, 2025, 19, 1, 2, 4.0),
(84, 9, 2025, 19, 1, 2, 1.2),
(84, 10, 2025, 20, 1, 1, 3.5);

INSERT INTO attendance (EmployeeID, AttendanceMonth, AttendanceYear, WorkDays, LeaveDays, AbsentDays, OvertimeHours) VALUES
(84, 11, 2025, 18, 2, 2, 14.9),
(84, 12, 2025, 22, 0, 0, 11.8),
(84, 1, 2026, 22, 0, 0, 13.4),
(84, 2, 2026, 22, 0, 0, 1.9),
(84, 3, 2026, 20, 0, 2, 12.2),
(84, 4, 2026, 19, 2, 1, 5.0),
(85, 5, 2025, 21, 0, 1, 15.8),
(85, 6, 2025, 21, 0, 1, 12.0),
(85, 7, 2025, 19, 2, 1, 0.5),
(85, 8, 2025, 21, 0, 1, 11.2),
(85, 9, 2025, 20, 2, 0, 3.4),
(85, 10, 2025, 19, 2, 1, 13.8),
(86, 5, 2025, 21, 1, 0, 7.5),
(86, 6, 2025, 21, 1, 0, 6.8),
(86, 7, 2025, 20, 1, 1, 4.5),
(86, 8, 2025, 18, 2, 2, 3.7),
(86, 9, 2025, 20, 2, 0, 6.9),
(86, 10, 2025, 20, 0, 2, 7.6),
(86, 11, 2025, 21, 0, 1, 15.9),
(86, 12, 2025, 20, 1, 1, 4.0),
(86, 1, 2026, 21, 0, 1, 11.0),
(86, 2, 2026, 19, 2, 1, 1.5),
(86, 3, 2026, 20, 1, 1, 9.0),
(86, 4, 2026, 21, 0, 1, 6.6),
(87, 5, 2025, 18, 2, 2, 10.4),
(87, 6, 2025, 19, 2, 1, 8.2),
(87, 7, 2025, 19, 2, 1, 4.6),
(87, 8, 2025, 19, 1, 2, 6.7),
(87, 9, 2025, 22, 0, 0, 5.5),
(87, 10, 2025, 19, 1, 2, 9.7),
(87, 11, 2025, 19, 2, 1, 9.4),
(87, 12, 2025, 22, 0, 0, 2.0),
(87, 1, 2026, 22, 0, 0, 6.4),
(87, 2, 2026, 20, 0, 2, 0.4),
(87, 3, 2026, 21, 1, 0, 9.9),
(87, 4, 2026, 22, 0, 0, 11.8),
(88, 5, 2025, 20, 0, 2, 0.5),
(88, 6, 2025, 20, 1, 1, 15.6),
(88, 7, 2025, 21, 0, 1, 15.5),
(88, 8, 2025, 18, 2, 2, 7.3),
(88, 9, 2025, 18, 2, 2, 10.2),
(88, 10, 2025, 20, 0, 2, 12.9),
(88, 11, 2025, 20, 1, 1, 2.5),
(88, 12, 2025, 21, 1, 0, 4.6),
(88, 1, 2026, 20, 1, 1, 4.8),
(88, 2, 2026, 20, 0, 2, 12.7),
(88, 3, 2026, 19, 2, 1, 7.0),
(88, 4, 2026, 18, 2, 2, 6.2),
(89, 5, 2025, 21, 1, 0, 10.0),
(89, 6, 2025, 19, 1, 2, 4.6);

INSERT INTO attendance (EmployeeID, AttendanceMonth, AttendanceYear, WorkDays, LeaveDays, AbsentDays, OvertimeHours) VALUES
(89, 7, 2025, 21, 0, 1, 13.7),
(89, 8, 2025, 20, 2, 0, 7.3),
(89, 9, 2025, 19, 1, 2, 3.0),
(89, 10, 2025, 20, 0, 2, 3.0),
(89, 11, 2025, 20, 2, 0, 7.0),
(89, 12, 2025, 22, 0, 0, 7.9),
(89, 1, 2026, 20, 1, 1, 7.4),
(89, 2, 2026, 22, 0, 0, 0.9),
(89, 3, 2026, 19, 1, 2, 2.9),
(89, 4, 2026, 22, 0, 0, 15.6),
(90, 5, 2025, 21, 0, 1, 11.8),
(90, 6, 2025, 20, 0, 2, 8.3),
(90, 7, 2025, 19, 1, 2, 15.0),
(90, 8, 2025, 18, 2, 2, 8.3),
(90, 9, 2025, 21, 1, 0, 14.2),
(90, 10, 2025, 22, 0, 0, 10.1),
(90, 11, 2025, 19, 2, 1, 1.9),
(90, 12, 2025, 20, 2, 0, 12.5),
(90, 1, 2026, 21, 0, 1, 4.0),
(90, 2, 2026, 20, 0, 2, 1.0),
(90, 3, 2026, 21, 1, 0, 3.7),
(90, 4, 2026, 19, 2, 1, 3.1),
(91, 5, 2025, 20, 0, 2, 4.0),
(91, 6, 2025, 19, 1, 2, 8.7),
(91, 7, 2025, 19, 1, 2, 5.2),
(91, 8, 2025, 20, 2, 0, 2.5),
(91, 9, 2025, 19, 1, 2, 7.3),
(91, 10, 2025, 20, 0, 2, 14.1),
(91, 11, 2025, 19, 2, 1, 1.0),
(91, 12, 2025, 20, 2, 0, 10.9),
(91, 1, 2026, 19, 1, 2, 5.2),
(91, 2, 2026, 20, 2, 0, 10.5),
(91, 3, 2026, 22, 0, 0, 1.7),
(91, 4, 2026, 18, 2, 2, 13.4),
(92, 5, 2025, 18, 2, 2, 9.4),
(92, 6, 2025, 18, 2, 2, 1.1),
(92, 7, 2025, 21, 1, 0, 12.8),
(92, 8, 2025, 19, 1, 2, 13.2),
(92, 9, 2025, 19, 2, 1, 0.7),
(92, 10, 2025, 20, 2, 0, 1.6),
(92, 11, 2025, 11, 0, 11, 3.0),
(92, 12, 2025, 20, 0, 2, 8.9),
(92, 1, 2026, 18, 2, 2, 5.7),
(92, 2, 2026, 22, 0, 0, 8.8),
(92, 3, 2026, 18, 2, 2, 7.1),
(92, 4, 2026, 20, 1, 1, 6.6),
(93, 5, 2025, 19, 2, 1, 3.9),
(93, 6, 2025, 18, 2, 2, 4.1),
(93, 7, 2025, 20, 2, 0, 0.6),
(93, 8, 2025, 20, 0, 2, 15.9);

INSERT INTO attendance (EmployeeID, AttendanceMonth, AttendanceYear, WorkDays, LeaveDays, AbsentDays, OvertimeHours) VALUES
(93, 9, 2025, 22, 0, 0, 13.7),
(93, 10, 2025, 18, 2, 2, 9.1),
(93, 11, 2025, 21, 1, 0, 5.7),
(93, 12, 2025, 20, 0, 2, 3.7),
(93, 1, 2026, 3, 19, 0, 6.4),
(93, 2, 2026, 11, 11, 0, 11.6),
(93, 3, 2026, 5, 17, 0, 13.2),
(93, 4, 2026, 3, 19, 0, 10.3),
(94, 5, 2025, 22, 0, 0, 14.7),
(94, 6, 2025, 21, 0, 1, 13.9),
(94, 7, 2025, 20, 2, 0, 12.4),
(94, 8, 2025, 20, 0, 2, 5.1),
(94, 9, 2025, 18, 2, 2, 3.5),
(94, 10, 2025, 18, 2, 2, 8.1),
(94, 11, 2025, 21, 0, 1, 2.1),
(94, 12, 2025, 20, 0, 2, 8.8),
(94, 1, 2026, 19, 1, 2, 12.4),
(94, 2, 2026, 20, 0, 2, 7.8),
(94, 3, 2026, 18, 2, 2, 16.0),
(94, 4, 2026, 21, 1, 0, 12.4),
(95, 5, 2025, 20, 2, 0, 6.6),
(95, 6, 2025, 20, 1, 1, 9.5),
(95, 7, 2025, 21, 1, 0, 9.9),
(95, 8, 2025, 21, 0, 1, 14.8),
(95, 9, 2025, 20, 2, 0, 13.6),
(95, 10, 2025, 20, 2, 0, 14.8),
(95, 11, 2025, 21, 1, 0, 11.1),
(95, 12, 2025, 21, 0, 1, 5.3),
(95, 1, 2026, 20, 2, 0, 8.4),
(95, 2, 2026, 18, 2, 2, 15.9),
(95, 3, 2026, 19, 2, 1, 14.5),
(95, 4, 2026, 22, 0, 0, 4.5),
(96, 5, 2025, 21, 1, 0, 10.5),
(96, 6, 2025, 19, 1, 2, 10.6),
(96, 7, 2025, 22, 0, 0, 4.7),
(96, 8, 2025, 21, 1, 0, 8.1),
(96, 9, 2025, 19, 2, 1, 8.5),
(96, 10, 2025, 19, 2, 1, 14.8),
(96, 11, 2025, 19, 1, 2, 5.3),
(96, 12, 2025, 21, 1, 0, 10.9),
(96, 1, 2026, 20, 2, 0, 4.4),
(96, 2, 2026, 21, 0, 1, 15.1),
(96, 3, 2026, 21, 1, 0, 14.4),
(96, 4, 2026, 19, 1, 2, 8.3),
(97, 5, 2025, 20, 2, 0, 2.4),
(97, 6, 2025, 20, 0, 2, 3.3),
(97, 7, 2025, 19, 2, 1, 11.3),
(97, 8, 2025, 20, 2, 0, 14.9),
(97, 9, 2025, 20, 2, 0, 8.5),
(97, 10, 2025, 21, 0, 1, 11.6);

INSERT INTO attendance (EmployeeID, AttendanceMonth, AttendanceYear, WorkDays, LeaveDays, AbsentDays, OvertimeHours) VALUES
(98, 5, 2025, 20, 1, 1, 7.1),
(98, 6, 2025, 22, 0, 0, 2.1),
(98, 7, 2025, 19, 2, 1, 9.1),
(98, 8, 2025, 20, 2, 0, 0.4),
(98, 9, 2025, 18, 2, 2, 7.5),
(98, 10, 2025, 20, 1, 1, 7.6),
(98, 11, 2025, 21, 1, 0, 12.2),
(98, 12, 2025, 20, 2, 0, 10.7),
(98, 1, 2026, 21, 1, 0, 13.9),
(98, 2, 2026, 21, 1, 0, 6.5),
(98, 3, 2026, 19, 2, 1, 5.0),
(98, 4, 2026, 18, 2, 2, 10.3),
(99, 5, 2025, 21, 1, 0, 7.3),
(99, 6, 2025, 18, 2, 2, 6.3),
(99, 7, 2025, 19, 2, 1, 12.2),
(99, 8, 2025, 20, 1, 1, 14.2),
(99, 9, 2025, 21, 1, 0, 4.7),
(99, 10, 2025, 20, 0, 2, 7.4),
(99, 11, 2025, 18, 2, 2, 1.8),
(99, 12, 2025, 20, 0, 2, 6.3),
(99, 1, 2026, 21, 1, 0, 9.4),
(99, 2, 2026, 21, 1, 0, 5.2),
(99, 3, 2026, 20, 0, 2, 1.5),
(99, 4, 2026, 21, 0, 1, 8.4),
(100, 5, 2025, 20, 0, 2, 6.1),
(100, 6, 2025, 19, 2, 1, 13.9),
(100, 7, 2025, 22, 0, 0, 12.3),
(100, 8, 2025, 19, 2, 1, 12.3),
(100, 9, 2025, 22, 0, 0, 15.4),
(100, 10, 2025, 21, 1, 0, 8.0),
(100, 11, 2025, 10, 0, 12, 14.1),
(100, 12, 2025, 20, 1, 1, 7.1),
(100, 1, 2026, 20, 2, 0, 4.4),
(100, 2, 2026, 22, 0, 0, 2.4),
(100, 3, 2026, 22, 0, 0, 10.7),
(100, 4, 2026, 21, 0, 1, 0.8),
(101, 5, 2025, 19, 1, 2, 9.8),
(101, 6, 2025, 19, 2, 1, 9.3),
(101, 7, 2025, 20, 1, 1, 5.9),
(101, 8, 2025, 19, 2, 1, 1.0),
(101, 9, 2025, 19, 1, 2, 5.3),
(101, 10, 2025, 20, 0, 2, 9.8),
(101, 11, 2025, 19, 2, 1, 11.0),
(101, 12, 2025, 19, 2, 1, 13.6),
(101, 1, 2026, 20, 2, 0, 9.0),
(101, 2, 2026, 21, 0, 1, 14.1),
(101, 3, 2026, 22, 0, 0, 1.9),
(101, 4, 2026, 20, 0, 2, 12.8),
(102, 5, 2025, 20, 1, 1, 9.0),
(102, 6, 2025, 20, 0, 2, 11.0);

INSERT INTO attendance (EmployeeID, AttendanceMonth, AttendanceYear, WorkDays, LeaveDays, AbsentDays, OvertimeHours) VALUES
(102, 7, 2025, 19, 2, 1, 8.8),
(102, 8, 2025, 19, 1, 2, 5.5),
(102, 9, 2025, 21, 1, 0, 13.3),
(102, 10, 2025, 20, 2, 0, 2.2),
(102, 11, 2025, 20, 1, 1, 12.5),
(102, 12, 2025, 19, 2, 1, 11.6),
(102, 1, 2026, 18, 2, 2, 5.3),
(102, 2, 2026, 21, 1, 0, 13.5),
(102, 3, 2026, 20, 0, 2, 9.1),
(102, 4, 2026, 21, 1, 0, 11.3),
(103, 5, 2025, 21, 0, 1, 8.0),
(103, 6, 2025, 21, 0, 1, 8.4),
(103, 7, 2025, 22, 0, 0, 14.6),
(103, 8, 2025, 19, 2, 1, 2.5),
(103, 9, 2025, 19, 1, 2, 12.4),
(103, 10, 2025, 20, 0, 2, 3.3),
(103, 11, 2025, 18, 2, 2, 1.9),
(103, 12, 2025, 20, 0, 2, 5.3),
(103, 1, 2026, 18, 2, 2, 11.9),
(103, 2, 2026, 20, 0, 2, 5.1),
(103, 3, 2026, 19, 1, 2, 12.4),
(103, 4, 2026, 22, 0, 0, 4.4),
(104, 5, 2025, 20, 0, 2, 3.3),
(104, 6, 2025, 21, 0, 1, 15.1),
(104, 7, 2025, 22, 0, 0, 1.1),
(104, 8, 2025, 21, 0, 1, 2.1),
(104, 9, 2025, 21, 0, 1, 1.4),
(104, 10, 2025, 18, 2, 2, 10.1),
(104, 11, 2025, 20, 1, 1, 5.3),
(104, 12, 2025, 19, 2, 1, 2.1),
(104, 1, 2026, 5, 17, 0, 5.0),
(104, 2, 2026, 9, 13, 0, 15.2),
(104, 3, 2026, 7, 15, 0, 6.3),
(104, 4, 2026, 0, 22, 0, 13.8),
(105, 5, 2025, 22, 0, 0, 7.6),
(105, 6, 2025, 21, 1, 0, 12.3),
(105, 7, 2025, 20, 0, 2, 6.5),
(105, 8, 2025, 19, 2, 1, 10.4),
(105, 9, 2025, 19, 2, 1, 6.6),
(105, 10, 2025, 20, 1, 1, 1.1);


-- ============================================================
-- KIỂM TRA KẾT QUẢ
-- ============================================================

SELECT 'Tong nhan vien payroll' AS stat, COUNT(*) AS val FROM employees_payroll
UNION ALL
SELECT 'Tong ban ghi luong',           COUNT(*) FROM salaries
UNION ALL
SELECT 'Tong ban ghi cham cong',       COUNT(*) FROM attendance
UNION ALL
SELECT 'Luong am (anomaly)',           COUNT(*) FROM salaries WHERE (BaseSalary + Bonus - Deductions) < 0
UNION ALL
SELECT 'Vang nhieu > 5 ngay',         COUNT(*) FROM attendance WHERE AbsentDays > 5;
